file,region,iso3,n,slope,intercept,r_squared,p_value,std_err,current_year,current_yield_kg_per_m2,class
pasture_fp_kg_m2_by_country_year_Buffalo_Meat,Australia and New Zealand,AUS,25,-7.461684220434126,74.15476282028251,0.7622267956754756,1.2471418637205099e-08,0.8689850339604336,2021,0.0007765927033136,bvmeat
pasture_fp_kg_m2_by_country_year_Buffalo_Meat,Australia and New Zealand,NZL,25,-7.461684220434126,74.15476282028251,0.7622267956754756,1.2471418637205099e-08,0.8689850339604336,2021,0.01710232948055,bvmeat
pasture_fp_kg_m2_by_country_year_Buffalo_Meat,Eastern Europe,BGR,59,0.4162438526596939,-8.37676873462639,0.17112610447673215,0.001127083692985252,0.12133790824548944,2021,0.0035106518598953,bvmeat
pasture_fp_kg_m2_by_country_year_Buffalo_Meat,Eastern Europe,BLR,59,0.4162438526596939,-8.37676873462639,0.17112610447673215,0.001127083692985252,0.12133790824548944,2021,0.0147330568649586,bvmeat
pasture_fp_kg_m2_by_country_year_Buffalo_Meat,Eastern Europe,CZE,59,0.4162438526596939,-8.37676873462639,0.17112610447673215,0.001127083692985252,0.12133790824548944,2021,0.0195284130655567,bvmeat
pasture_fp_kg_m2_by_country_year_Buffalo_Meat,Eastern Europe,HUN,59,0.4162438526596939,-8.37676873462639,0.17112610447673215,0.001127083692985252,0.12133790824548944,2021,0.0107863265164738,bvmeat
pasture_fp_kg_m2_by_country_year_Buffalo_Meat,Eastern Europe,MDA,59,0.4162438526596939,-8.37676873462639,0.17112610447673215,0.001127083692985252,0.12133790824548944,2021,0.0052508072138864,bvmeat
pasture_fp_kg_m2_by_country_year_Buffalo_Meat,Eastern Europe,POL,59,0.4162438526596939,-8.37676873462639,0.17112610447673215,0.001127083692985252,0.12133790824548944,2021,0.0322539978123458,bvmeat
pasture_fp_kg_m2_by_country_year_Buffalo_Meat,Eastern Europe,ROU,59,0.4162438526596939,-8.37676873462639,0.17112610447673215,0.001127083692985252,0.12133790824548944,2021,0.0055867155483751,bvmeat
pasture_fp_kg_m2_by_country_year_Buffalo_Meat,Eastern Europe,SVK,59,0.4162438526596939,-8.37676873462639,0.17112610447673215,0.001127083692985252,0.12133790824548944,2021,0.0065554444543889,bvmeat
pasture_fp_kg_m2_by_country_year_Buffalo_Meat,Eastern Europe,UKR,59,0.4162438526596939,-8.37676873462639,0.17112610447673215,0.001127083692985252,0.12133790824548944,2021,0.0067243900907458,bvmeat
pasture_fp_kg_m2_by_country_year_Buffalo_Meat,Latin America and the Caribbean,ARG,69,0.33112327390412843,-8.468074666881146,0.13125825861664187,0.002219823662119714,0.10407210322644264,2021,0.0042843134677972,bvmeat
pasture_fp_kg_m2_by_country_year_Buffalo_Meat,Latin America and the Caribbean,BRA,69,0.33112327390412843,-8.468074666881146,0.13125825861664187,0.002219823662119714,0.10407210322644264,2021,0.0060990610651646,bvmeat
pasture_fp_kg_m2_by_country_year_Buffalo_Meat,Latin America and the Caribbean,CHL,69,0.33112327390412843,-8.468074666881146,0.13125825861664187,0.002219823662119714,0.10407210322644264,2021,0.0027442822726948,bvmeat
pasture_fp_kg_m2_by_country_year_Buffalo_Meat,Latin America and the Caribbean,COL,69,0.33112327390412843,-8.468074666881146,0.13125825861664187,0.002219823662119714,0.10407210322644264,2021,0.0025293470891679,bvmeat
pasture_fp_kg_m2_by_country_year_Buffalo_Meat,Latin America and the Caribbean,CRI,69,0.33112327390412843,-8.468074666881146,0.13125825861664187,0.002219823662119714,0.10407210322644264,2021,0.0087402438722433,bvmeat
pasture_fp_kg_m2_by_country_year_Buffalo_Meat,Latin America and the Caribbean,DOM,69,0.33112327390412843,-8.468074666881146,0.13125825861664187,0.002219823662119714,0.10407210322644264,2021,0.006646577652037,bvmeat
pasture_fp_kg_m2_by_country_year_Buffalo_Meat,Latin America and the Caribbean,ECU,69,0.33112327390412843,-8.468074666881146,0.13125825861664187,0.002219823662119714,0.10407210322644264,2021,0.0083610313082149,bvmeat
pasture_fp_kg_m2_by_country_year_Buffalo_Meat,Latin America and the Caribbean,GTM,69,0.33112327390412843,-8.468074666881146,0.13125825861664187,0.002219823662119714,0.10407210322644264,2021,0.0031207053327814,bvmeat
pasture_fp_kg_m2_by_country_year_Buffalo_Meat,Latin America and the Caribbean,NIC,69,0.33112327390412843,-8.468074666881146,0.13125825861664187,0.002219823662119714,0.10407210322644264,2021,0.0031428930835543,bvmeat
pasture_fp_kg_m2_by_country_year_Buffalo_Meat,Latin America and the Caribbean,PAN,69,0.33112327390412843,-8.468074666881146,0.13125825861664187,0.002219823662119714,0.10407210322644264,2021,0.0063459043989366,bvmeat
pasture_fp_kg_m2_by_country_year_Buffalo_Meat,Latin America and the Caribbean,PRY,69,0.33112327390412843,-8.468074666881146,0.13125825861664187,0.002219823662119714,0.10407210322644264,2021,0.0032479393564709,bvmeat
pasture_fp_kg_m2_by_country_year_Buffalo_Meat,Latin America and the Caribbean,TTO,69,0.33112327390412843,-8.468074666881146,0.13125825861664187,0.002219823662119714,0.10407210322644264,2021,0.0134029256969124,bvmeat
pasture_fp_kg_m2_by_country_year_Buffalo_Meat,Latin America and the Caribbean,URY,69,0.33112327390412843,-8.468074666881146,0.13125825861664187,0.002219823662119714,0.10407210322644264,2021,0.0053306820076555,bvmeat
pasture_fp_kg_m2_by_country_year_Buffalo_Meat,Northern Africa,EGY,21,0.6321648957888514,-6.79878460530361,0.20082824154663415,0.04161190978029503,0.28930853528245254,2021,0.1666979639614179,bvmeat
pasture_fp_kg_m2_by_country_year_Buffalo_Meat,Northern America,CAN,15,0.1072141448657574,-6.391170110335025,0.08645286768572515,0.28745680248444494,0.09666209140305541,2021,0.0059254760219653,bvmeat
pasture_fp_kg_m2_by_country_year_Buffalo_Meat,Northern America,USA,15,0.1072141448657574,-6.391170110335025,0.08645286768572515,0.28745680248444494,0.09666209140305541,2021,0.0057515384310711,bvmeat
pasture_fp_kg_m2_by_country_year_Buffalo_Meat,Northern Europe,DNK,36,0.8842002603682191,-13.355789814539367,0.7675660934239416,2.5939244597896786e-12,0.08344552084743861,2021,0.0388847191581843,bvmeat
pasture_fp_kg_m2_by_country_year_Buffalo_Meat,Northern Europe,EST,36,0.8842002603682191,-13.355789814539367,0.7675660934239416,2.5939244597896786e-12,0.08344552084743861,2021,0.0067903109243697,bvmeat
pasture_fp_kg_m2_by_country_year_Buffalo_Meat,Northern Europe,IRL,36,0.8842002603682191,-13.355789814539367,0.7675660934239416,2.5939244597896786e-12,0.08344552084743861,2021,0.0229735674113207,bvmeat
pasture_fp_kg_m2_by_country_year_Buffalo_Meat,Northern Europe,LTU,36,0.8842002603682191,-13.355789814539367,0.7675660934239416,2.5939244597896786e-12,0.08344552084743861,2021,0.0103490517521466,bvmeat
pasture_fp_kg_m2_by_country_year_Buffalo_Meat,Northern Europe,LVA,36,0.8842002603682191,-13.355789814539367,0.7675660934239416,2.5939244597896786e-12,0.08344552084743861,2021,0.0050358152348273,bvmeat
pasture_fp_kg_m2_by_country_year_Buffalo_Meat,South-eastern Asia,IDN,198,-0.11942738001415044,-3.796798029873899,0.006220393440728297,0.2693821312323216,0.1078231417139525,2021,0.0054526986802885,bvmeat
pasture_fp_kg_m2_by_country_year_Buffalo_Meat,South-eastern Asia,KHM,198,-0.11942738001415044,-3.796798029873899,0.006220393440728297,0.2693821312323216,0.1078231417139525,2021,0.0041136563569245,bvmeat
pasture_fp_kg_m2_by_country_year_Buffalo_Meat,South-eastern Asia,LAO,198,-0.11942738001415044,-3.796798029873899,0.006220393440728297,0.2693821312323216,0.1078231417139525,2021,0.0094504348833087,bvmeat
pasture_fp_kg_m2_by_country_year_Buffalo_Meat,South-eastern Asia,MMR,198,-0.11942738001415044,-3.796798029873899,0.006220393440728297,0.2693821312323216,0.1078231417139525,2021,0.03542947535,bvmeat
pasture_fp_kg_m2_by_country_year_Buffalo_Meat,South-eastern Asia,MYS,198,-0.11942738001415044,-3.796798029873899,0.006220393440728297,0.2693821312323216,0.1078231417139525,2021,0.0105888415726229,bvmeat
pasture_fp_kg_m2_by_country_year_Buffalo_Meat,South-eastern Asia,PHL,198,-0.11942738001415044,-3.796798029873899,0.006220393440728297,0.2693821312323216,0.1078231417139525,2021,0.0132878062011194,bvmeat
pasture_fp_kg_m2_by_country_year_Buffalo_Meat,South-eastern Asia,THA,198,-0.11942738001415044,-3.796798029873899,0.006220393440728297,0.2693821312323216,0.1078231417139525,2021,0.0058683162172554,bvmeat
pasture_fp_kg_m2_by_country_year_Buffalo_Meat,South-eastern Asia,TLS,198,-0.11942738001415044,-3.796798029873899,0.006220393440728297,0.2693821312323216,0.1078231417139525,2021,0.0015039772005324,bvmeat
pasture_fp_kg_m2_by_country_year_Buffalo_Meat,South-eastern Asia,VNM,198,-0.11942738001415044,-3.796798029873899,0.006220393440728297,0.2693821312323216,0.1078231417139525,2021,0.0564335511209687,bvmeat
pasture_fp_kg_m2_by_country_year_Buffalo_Meat,Southern Asia,BGD,154,-1.0969235970204476,3.4437235601768172,0.21584872030880203,1.2820645918778129e-09,0.16958200816594954,2021,0.0349307138128098,bvmeat
pasture_fp_kg_m2_by_country_year_Buffalo_Meat,Southern Asia,BTN,154,-1.0969235970204476,3.4437235601768172,0.21584872030880203,1.2820645918778129e-09,0.16958200816594954,2021,0.0006493899115605,bvmeat
pasture_fp_kg_m2_by_country_year_Buffalo_Meat,Southern Asia,IND,154,-1.0969235970204476,3.4437235601768172,0.21584872030880203,1.2820645918778129e-09,0.16958200816594954,2021,0.061101713220077,bvmeat
pasture_fp_kg_m2_by_country_year_Buffalo_Meat,Southern Asia,IRN,154,-1.0969235970204476,3.4437235601768172,0.21584872030880203,1.2820645918778129e-09,0.16958200816594954,2021,0.0025309589636665,bvmeat
pasture_fp_kg_m2_by_country_year_Buffalo_Meat,Southern Asia,LKA,154,-1.0969235970204476,3.4437235601768172,0.21584872030880203,1.2820645918778129e-09,0.16958200816594954,2021,0.009626065821999,bvmeat
pasture_fp_kg_m2_by_country_year_Buffalo_Meat,Southern Asia,NPL,154,-1.0969235970204476,3.4437235601768172,0.21584872030880203,1.2820645918778129e-09,0.16958200816594954,2021,0.0167316943061729,bvmeat
pasture_fp_kg_m2_by_country_year_Buffalo_Meat,Southern Asia,PAK,154,-1.0969235970204476,3.4437235601768172,0.21584872030880203,1.2820645918778129e-09,0.16958200816594954,2021,0.0865779974519999,bvmeat
pasture_fp_kg_m2_by_country_year_Buffalo_Meat,Southern Europe,ESP,57,1.2637525085173265,-17.283264622792142,0.3909261651380712,1.9997921416376117e-07,0.21270039080052341,2021,0.009619986830326,bvmeat
pasture_fp_kg_m2_by_country_year_Buffalo_Meat,Southern Europe,GRC,57,1.2637525085173265,-17.283264622792142,0.3909261651380712,1.9997921416376117e-07,0.21270039080052341,2021,0.0046289250552084,bvmeat
pasture_fp_kg_m2_by_country_year_Buffalo_Meat,Southern Europe,HRV,57,1.2637525085173265,-17.283264622792142,0.3909261651380712,1.9997921416376117e-07,0.21270039080052341,2021,0.0105581996280587,bvmeat
pasture_fp_kg_m2_by_country_year_Buffalo_Meat,Southern Europe,ITA,57,1.2637525085173265,-17.283264622792142,0.3909261651380712,1.9997921416376117e-07,0.21270039080052341,2021,0.0190854482784929,bvmeat
pasture_fp_kg_m2_by_country_year_Buffalo_Meat,Southern Europe,PRT,57,1.2637525085173265,-17.283264622792142,0.3909261651380712,1.9997921416376117e-07,0.21270039080052341,2021,0.0078049082365562,bvmeat
pasture_fp_kg_m2_by_country_year_Buffalo_Meat,Southern Europe,SVN,57,1.2637525085173265,-17.283264622792142,0.3909261651380712,1.9997921416376117e-07,0.21270039080052341,2021,0.0126041254694124,bvmeat
pasture_fp_kg_m2_by_country_year_Buffalo_Meat,Sub-Saharan Africa,CMR,18,-0.18403601538182746,-5.003676800620601,0.07230878923077082,0.28059381776624265,0.16479688809112578,2021,0.003991150367658,bvmeat
pasture_fp_kg_m2_by_country_year_Buffalo_Meat,Sub-Saharan Africa,DJI,18,-0.18403601538182746,-5.003676800620601,0.07230878923077082,0.28059381776624265,0.16479688809112578,2021,0.0005497435359983,bvmeat
pasture_fp_kg_m2_by_country_year_Buffalo_Meat,Sub-Saharan Africa,KEN,18,-0.18403601538182746,-5.003676800620601,0.07230878923077082,0.28059381776624265,0.16479688809112578,2021,0.0020765733257567,bvmeat
pasture_fp_kg_m2_by_country_year_Buffalo_Meat,Sub-Saharan Africa,UGA,18,-0.18403601538182746,-5.003676800620601,0.07230878923077082,0.28059381776624265,0.16479688809112578,2021,0.0049448460108219,bvmeat
pasture_fp_kg_m2_by_country_year_Buffalo_Meat,Sub-Saharan Africa,ZAF,18,-0.18403601538182746,-5.003676800620601,0.07230878923077082,0.28059381776624265,0.16479688809112578,2021,0.0015054033922874,bvmeat
pasture_fp_kg_m2_by_country_year_Buffalo_Meat,Sub-Saharan Africa,ZMB,18,-0.18403601538182746,-5.003676800620601,0.07230878923077082,0.28059381776624265,0.16479688809112578,2021,0.0010239925295663,bvmeat
pasture_fp_kg_m2_by_country_year_Buffalo_Meat,Western Asia,CYP,47,2.2114137447486755,-24.543699290726963,0.7454397048944379,5.806337866167158e-15,0.19264281686596374,2021,0.8339333945355191,bvmeat
pasture_fp_kg_m2_by_country_year_Buffalo_Meat,Western Asia,IRQ,47,2.2114137447486755,-24.543699290726963,0.7454397048944379,5.806337866167158e-15,0.19264281686596374,2021,0.0020747918122961,bvmeat
pasture_fp_kg_m2_by_country_year_Buffalo_Meat,Western Asia,ISR,47,2.2114137447486755,-24.543699290726963,0.7454397048944379,5.806337866167158e-15,0.19264281686596374,2021,0.1387482510285714,bvmeat
pasture_fp_kg_m2_by_country_year_Buffalo_Meat,Western Asia,TUR,47,2.2114137447486755,-24.543699290726963,0.7454397048944379,5.806337866167158e-15,0.19264281686596374,2021,0.0163680058291031,bvmeat
pasture_fp_kg_m2_by_country_year_Buffalo_Meat,Western Europe,AUT,67,-0.05783577010551698,-2.733016865710324,0.000556801078575431,0.8496709469476214,0.3039267100936948,2021,0.0240155037797969,bvmeat
pasture_fp_kg_m2_by_country_year_Buffalo_Meat,Western Europe,BEL,67,-0.05783577010551698,-2.733016865710324,0.000556801078575431,0.8496709469476214,0.3039267100936948,2021,0.0668946200113953,bvmeat
pasture_fp_kg_m2_by_country_year_Buffalo_Meat,Western Europe,CHE,67,-0.05783577010551698,-2.733016865710324,0.000556801078575431,0.8496709469476214,0.3039267100936948,2021,0.019910272049781,bvmeat
pasture_fp_kg_m2_by_country_year_Buffalo_Meat,Western Europe,DEU,67,-0.05783577010551698,-2.733016865710324,0.000556801078575431,0.8496709469476214,0.3039267100936948,2021,0.0260488926766606,bvmeat
pasture_fp_kg_m2_by_country_year_Buffalo_Meat,Western Europe,FRA,67,-0.05783577010551698,-2.733016865710324,0.000556801078575431,0.8496709469476214,0.3039267100936948,2021,0.0171115505873608,bvmeat
pasture_fp_kg_m2_by_country_year_Buffalo_Meat,Western Europe,LUX,67,-0.05783577010551698,-2.733016865710324,0.000556801078575431,0.8496709469476214,0.3039267100936948,2021,0.0258211133066847,bvmeat
pasture_fp_kg_m2_by_country_year_Buffalo_Meat,Western Europe,NLD,67,-0.05783577010551698,-2.733016865710324,0.000556801078575431,0.8496709469476214,0.3039267100936948,2021,0.0856666126463414,bvmeat
pasture_fp_kg_m2_by_country_year_Buffalo_Milk,Eastern Asia,MNG,12,2.0516067527971584,-21.76755946351572,0.6568502114210817,0.0013879134584945591,0.4689243830214033,2021,0.0100255918063681,bvmilk
pasture_fp_kg_m2_by_country_year_Buffalo_Milk,Eastern Europe,BGR,26,-0.12279689709834034,-0.8747684463539367,0.04551686847589664,0.29534559381112196,0.11478356607875093,2021,0.1202973638920134,bvmilk
pasture_fp_kg_m2_by_country_year_Buffalo_Milk,Eastern Europe,ROU,26,-0.12279689709834034,-0.8747684463539367,0.04551686847589664,0.29534559381112196,0.11478356607875093,2021,0.170626328016783,bvmilk
pasture_fp_kg_m2_by_country_year_Buffalo_Milk,Northern Africa,EGY,21,0.6321648957888518,-3.2232338364966795,0.20082824154663423,0.041611909780294956,0.28930853528245265,2021,5.953498712907784,bvmilk
pasture_fp_kg_m2_by_country_year_Buffalo_Milk,South-eastern Asia,IDN,88,-0.6266894593611299,4.449883856752983,0.27105146698620153,1.9973946976387114e-07,0.11082193186746031,2021,0.1947392385817321,bvmilk
pasture_fp_kg_m2_by_country_year_Buffalo_Milk,South-eastern Asia,MMR,88,-0.6266894593611299,4.449883856752983,0.27105146698620153,1.9973946976387114e-07,0.11082193186746031,2021,1.2653384053571428,bvmilk
pasture_fp_kg_m2_by_country_year_Buffalo_Milk,South-eastern Asia,MYS,88,-0.6266894593611299,4.449883856752983,0.27105146698620153,1.9973946976387114e-07,0.11082193186746031,2021,0.3781729133079628,bvmilk
pasture_fp_kg_m2_by_country_year_Buffalo_Milk,South-eastern Asia,VNM,88,-0.6266894593611299,4.449883856752983,0.27105146698620153,1.9973946976387114e-07,0.11082193186746031,2021,2.0154839686060257,bvmilk
pasture_fp_kg_m2_by_country_year_Buffalo_Milk,Southern Asia,BGD,132,-0.8622269252956685,5.742278892812725,0.3175753242668751,1.995076509121244e-12,0.11085464371597414,2021,1.247525493314636,bvmilk
pasture_fp_kg_m2_by_country_year_Buffalo_Milk,Southern Asia,IND,132,-0.8622269252956685,5.742278892812725,0.3175753242668751,1.995076509121244e-12,0.11085464371597414,2021,2.182204043574179,bvmilk
pasture_fp_kg_m2_by_country_year_Buffalo_Milk,Southern Asia,IRN,132,-0.8622269252956685,5.742278892812725,0.3175753242668751,1.995076509121244e-12,0.11085464371597414,2021,0.0903913915595209,bvmilk
pasture_fp_kg_m2_by_country_year_Buffalo_Milk,Southern Asia,LKA,132,-0.8622269252956685,5.742278892812725,0.3175753242668751,1.995076509121244e-12,0.11085464371597414,2021,0.3437880650713942,bvmilk
pasture_fp_kg_m2_by_country_year_Buffalo_Milk,Southern Asia,NPL,132,-0.8622269252956685,5.742278892812725,0.3175753242668751,1.995076509121244e-12,0.11085464371597414,2021,0.597560510934749,bvmilk
pasture_fp_kg_m2_by_country_year_Buffalo_Milk,Southern Asia,PAK,132,-0.8622269252956685,5.742278892812725,0.3175753242668751,1.995076509121244e-12,0.11085464371597414,2021,3.0920713375714284,bvmilk
pasture_fp_kg_m2_by_country_year_Buffalo_Milk,Southern Europe,ALB,61,0.04887491183629003,-1.3509490108318214,0.006329736467228143,0.5421977119688136,0.07972385918497081,2021,0.4159082366423149,bvmilk
pasture_fp_kg_m2_by_country_year_Buffalo_Milk,Southern Europe,GRC,61,0.04887491183629003,-1.3509490108318214,0.006329736467228143,0.5421977119688136,0.07972385918497081,2021,0.1651162275801723,bvmilk
pasture_fp_kg_m2_by_country_year_Buffalo_Milk,Southern Europe,ITA,61,0.04887491183629003,-1.3509490108318214,0.006329736467228143,0.5421977119688136,0.07972385918497081,2021,0.7546623929847533,bvmilk
pasture_fp_kg_m2_by_country_year_Buffalo_Milk,Western Asia,IRQ,44,1.6469395921345253,-16.184877935760337,0.9277679399231684,1.369542943095685e-25,0.07090850760893505,2021,0.0740997075820039,bvmilk
pasture_fp_kg_m2_by_country_year_Buffalo_Milk,Western Asia,TUR,44,1.6469395921345253,-16.184877935760337,0.9277679399231684,1.369542943095685e-25,0.07090850760893505,2021,0.5845716367536822,bvmilk
pasture_fp_kg_m2_by_country_year_Buffalo_Milk,Western Europe,DEU,5,7.996177646464411,-85.10195083768426,0.8779939469757746,0.018795795322384644,1.7209439844592291,2021,0.9351216344661346,bvmilk
pasture_fp_kg_m2_by_country_year_Buffalo_Milk,Western Europe,NLD,5,7.996177646464411,-85.10195083768426,0.8779939469757746,0.018795795322384644,1.7209439844592291,2021,3.059521880226482,bvmilk
pasture_fp_kg_m2_by_country_year_Cow_Meat,Australia and New Zealand,AUS,44,-6.93216525809795,68.1110393825508,0.6939590112713376,2.3130302338425398e-12,0.710341438856242,2021,0.0007765927033136,bvmeat
pasture_fp_kg_m2_by_country_year_Cow_Meat,Australia and New Zealand,NZL,44,-6.93216525809795,68.1110393825508,0.6939590112713376,2.3130302338425398e-12,0.710341438856242,2021,0.01710232948055,bvmeat
pasture_fp_kg_m2_by_country_year_Cow_Meat,Central Asia,KAZ,110,-0.6663260745037664,-1.3981539485142864,0.3640802094289286,3.024853795442207e-12,0.08473787422373182,2021,0.0003576544294359,bvmeat
pasture_fp_kg_m2_by_country_year_Cow_Meat,Central Asia,KGZ,110,-0.6663260745037664,-1.3981539485142864,0.3640802094289286,3.024853795442207e-12,0.08473787422373182,2021,0.0024395185401514,bvmeat
pasture_fp_kg_m2_by_country_year_Cow_Meat,Central Asia,TJK,110,-0.6663260745037664,-1.3981539485142864,0.3640802094289286,3.024853795442207e-12,0.08473787422373182,2021,0.0122941146084979,bvmeat
pasture_fp_kg_m2_by_country_year_Cow_Meat,Central Asia,TKM,110,-0.6663260745037664,-1.3981539485142864,0.3640802094289286,3.024853795442207e-12,0.08473787422373182,2021,0.0008661017727397,bvmeat
pasture_fp_kg_m2_by_country_year_Cow_Meat,Central Asia,UZB,110,-0.6663260745037664,-1.3981539485142864,0.3640802094289286,3.024853795442207e-12,0.08473787422373182,2021,0.0068108345437811,bvmeat
pasture_fp_kg_m2_by_country_year_Cow_Meat,Eastern Asia,KOR,44,3.0441982358119057,-32.69850917047006,0.9536162723481892,1.2337964488205073e-29,0.10359630895228508,2021,0.2614976312726201,bvmeat
pasture_fp_kg_m2_by_country_year_Cow_Meat,Eastern Asia,MNG,44,3.0441982358119057,-32.69850917047006,0.9536162723481892,1.2337964488205073e-29,0.10359630895228508,2021,0.0002807165705783,bvmeat
pasture_fp_kg_m2_by_country_year_Cow_Meat,Eastern Europe,BGR,220,0.14456605612657095,-6.127498793796844,0.02497486746290702,0.01900497170228222,0.061177876096864564,2021,0.0033683261889763,bvmeat
pasture_fp_kg_m2_by_country_year_Cow_Meat,Eastern Europe,BLR,220,0.14456605612657095,-6.127498793796844,0.02497486746290702,0.01900497170228222,0.061177876096864564,2021,0.0154457367308002,bvmeat
pasture_fp_kg_m2_by_country_year_Cow_Meat,Eastern Europe,CZE,220,0.14456605612657095,-6.127498793796844,0.02497486746290702,0.01900497170228222,0.061177876096864564,2021,0.016132115995017,bvmeat
pasture_fp_kg_m2_by_country_year_Cow_Meat,Eastern Europe,HUN,220,0.14456605612657095,-6.127498793796844,0.02497486746290702,0.01900497170228222,0.061177876096864564,2021,0.0107863265164738,bvmeat
pasture_fp_kg_m2_by_country_year_Cow_Meat,Eastern Europe,MDA,220,0.14456605612657095,-6.127498793796844,0.02497486746290702,0.01900497170228222,0.061177876096864564,2021,0.0028616764576802,bvmeat
pasture_fp_kg_m2_by_country_year_Cow_Meat,Eastern Europe,POL,220,0.14456605612657095,-6.127498793796844,0.02497486746290702,0.01900497170228222,0.061177876096864564,2021,0.0322539978123458,bvmeat
pasture_fp_kg_m2_by_country_year_Cow_Meat,Eastern Europe,ROU,220,0.14456605612657095,-6.127498793796844,0.02497486746290702,0.01900497170228222,0.061177876096864564,2021,0.0047775371844699,bvmeat
pasture_fp_kg_m2_by_country_year_Cow_Meat,Eastern Europe,RUS,220,0.14456605612657095,-6.127498793796844,0.02497486746290702,0.01900497170228222,0.061177876096864564,2021,0.0020102074597986,bvmeat
pasture_fp_kg_m2_by_country_year_Cow_Meat,Eastern Europe,SVK,220,0.14456605612657095,-6.127498793796844,0.02497486746290702,0.01900497170228222,0.061177876096864564,2021,0.0066760737464788,bvmeat
pasture_fp_kg_m2_by_country_year_Cow_Meat,Eastern Europe,UKR,220,0.14456605612657095,-6.127498793796844,0.02497486746290702,0.01900497170228222,0.061177876096864564,2021,0.0067243900907458,bvmeat
pasture_fp_kg_m2_by_country_year_Cow_Meat,Latin America and the Caribbean,ARG,638,0.3580961664370059,-8.448661403936645,0.07233118102937446,4.931828562036317e-12,0.05085162262138587,2021,0.0042843134677972,bvmeat
pasture_fp_kg_m2_by_country_year_Cow_Meat,Latin America and the Caribbean,ATG,638,0.3580961664370059,-8.448661403936645,0.07233118102937446,4.931828562036317e-12,0.05085162262138587,2021,0.0028979651621335,bvmeat
pasture_fp_kg_m2_by_country_year_Cow_Meat,Latin America and the Caribbean,BHS,638,0.3580961664370059,-8.448661403936645,0.07233118102937446,4.931828562036317e-12,0.05085162262138587,2021,0.0034849313162928,bvmeat
pasture_fp_kg_m2_by_country_year_Cow_Meat,Latin America and the Caribbean,BLZ,638,0.3580961664370059,-8.448661403936645,0.07233118102937446,4.931828562036317e-12,0.05085162262138587,2021,0.0031105245540109,bvmeat
pasture_fp_kg_m2_by_country_year_Cow_Meat,Latin America and the Caribbean,BOL,638,0.3580961664370059,-8.448661403936645,0.07233118102937446,4.931828562036317e-12,0.05085162262138587,2021,0.0009800101368484,bvmeat
pasture_fp_kg_m2_by_country_year_Cow_Meat,Latin America and the Caribbean,BRA,638,0.3580961664370059,-8.448661403936645,0.07233118102937446,4.931828562036317e-12,0.05085162262138587,2021,0.0060990610651646,bvmeat
pasture_fp_kg_m2_by_country_year_Cow_Meat,Latin America and the Caribbean,BRB,638,0.3580961664370059,-8.448661403936645,0.07233118102937446,4.931828562036317e-12,0.05085162262138587,2021,0.0122683817787418,bvmeat
pasture_fp_kg_m2_by_country_year_Cow_Meat,Latin America and the Caribbean,CHL,638,0.3580961664370059,-8.448661403936645,0.07233118102937446,4.931828562036317e-12,0.05085162262138587,2021,0.0032593414951621,bvmeat
pasture_fp_kg_m2_by_country_year_Cow_Meat,Latin America and the Caribbean,COL,638,0.3580961664370059,-8.448661403936645,0.07233118102937446,4.931828562036317e-12,0.05085162262138587,2021,0.0025293470891679,bvmeat
pasture_fp_kg_m2_by_country_year_Cow_Meat,Latin America and the Caribbean,CRI,638,0.3580961664370059,-8.448661403936645,0.07233118102937446,4.931828562036317e-12,0.05085162262138587,2021,0.0109893649728441,bvmeat
pasture_fp_kg_m2_by_country_year_Cow_Meat,Latin America and the Caribbean,DOM,638,0.3580961664370059,-8.448661403936645,0.07233118102937446,4.931828562036317e-12,0.05085162262138587,2021,0.0070294028744589,bvmeat
pasture_fp_kg_m2_by_country_year_Cow_Meat,Latin America and the Caribbean,ECU,638,0.3580961664370059,-8.448661403936645,0.07233118102937446,4.931828562036317e-12,0.05085162262138587,2021,0.009518881569302,bvmeat
pasture_fp_kg_m2_by_country_year_Cow_Meat,Latin America and the Caribbean,GRD,638,0.3580961664370059,-8.448661403936645,0.07233118102937446,4.931828562036317e-12,0.05085162262138587,2021,0.0379087465181058,bvmeat
pasture_fp_kg_m2_by_country_year_Cow_Meat,Latin America and the Caribbean,GTM,638,0.3580961664370059,-8.448661403936645,0.07233118102937446,4.931828562036317e-12,0.05085162262138587,2021,0.0136450846954666,bvmeat
pasture_fp_kg_m2_by_country_year_Cow_Meat,Latin America and the Caribbean,GUY,638,0.3580961664370059,-8.448661403936645,0.07233118102937446,4.931828562036317e-12,0.05085162262138587,2021,0.0007712283901703,bvmeat
pasture_fp_kg_m2_by_country_year_Cow_Meat,Latin America and the Caribbean,HND,638,0.3580961664370059,-8.448661403936645,0.07233118102937446,4.931828562036317e-12,0.05085162262138587,2021,0.0041505846795071,bvmeat
pasture_fp_kg_m2_by_country_year_Cow_Meat,Latin America and the Caribbean,HTI,638,0.3580961664370059,-8.448661403936645,0.07233118102937446,4.931828562036317e-12,0.05085162262138587,2021,0.0082292554427751,bvmeat
pasture_fp_kg_m2_by_country_year_Cow_Meat,Latin America and the Caribbean,JAM,638,0.3580961664370059,-8.448661403936645,0.07233118102937446,4.931828562036317e-12,0.05085162262138587,2021,0.0029698614845875,bvmeat
pasture_fp_kg_m2_by_country_year_Cow_Meat,Latin America and the Caribbean,LCA,638,0.3580961664370059,-8.448661403936645,0.07233118102937446,4.931828562036317e-12,0.05085162262138587,2021,0.0812373849878934,bvmeat
pasture_fp_kg_m2_by_country_year_Cow_Meat,Latin America and the Caribbean,MEX,638,0.3580961664370059,-8.448661403936645,0.07233118102937446,4.931828562036317e-12,0.05085162262138587,2021,0.0033785329794163,bvmeat
pasture_fp_kg_m2_by_country_year_Cow_Meat,Latin America and the Caribbean,NIC,638,0.3580961664370059,-8.448661403936645,0.07233118102937446,4.931828562036317e-12,0.05085162262138587,2021,0.0063341826026731,bvmeat
pasture_fp_kg_m2_by_country_year_Cow_Meat,Latin America and the Caribbean,PAN,638,0.3580961664370059,-8.448661403936645,0.07233118102937446,4.931828562036317e-12,0.05085162262138587,2021,0.0053146999985784,bvmeat
pasture_fp_kg_m2_by_country_year_Cow_Meat,Latin America and the Caribbean,PER,638,0.3580961664370059,-8.448661403936645,0.07233118102937446,4.931828562036317e-12,0.05085162262138587,2021,0.001478179703779,bvmeat
pasture_fp_kg_m2_by_country_year_Cow_Meat,Latin America and the Caribbean,PRY,638,0.3580961664370059,-8.448661403936645,0.07233118102937446,4.931828562036317e-12,0.05085162262138587,2021,0.0032479393564709,bvmeat
pasture_fp_kg_m2_by_country_year_Cow_Meat,Latin America and the Caribbean,SLV,638,0.3580961664370059,-8.448661403936645,0.07233118102937446,4.931828562036317e-12,0.05085162262138587,2021,0.0054004337008414,bvmeat
pasture_fp_kg_m2_by_country_year_Cow_Meat,Latin America and the Caribbean,SUR,638,0.3580961664370059,-8.448661403936645,0.07233118102937446,4.931828562036317e-12,0.05085162262138587,2021,0.0085157603447427,bvmeat
pasture_fp_kg_m2_by_country_year_Cow_Meat,Latin America and the Caribbean,TTO,638,0.3580961664370059,-8.448661403936645,0.07233118102937446,4.931828562036317e-12,0.05085162262138587,2021,0.0134029256969124,bvmeat
pasture_fp_kg_m2_by_country_year_Cow_Meat,Latin America and the Caribbean,URY,638,0.3580961664370059,-8.448661403936645,0.07233118102937446,4.931828562036317e-12,0.05085162262138587,2021,0.0052714775716108,bvmeat
pasture_fp_kg_m2_by_country_year_Cow_Meat,Latin America and the Caribbean,VCT,638,0.3580961664370059,-8.448661403936645,0.07233118102937446,4.931828562036317e-12,0.05085162262138587,2021,0.0096993933931227,bvmeat
pasture_fp_kg_m2_by_country_year_Cow_Meat,Melanesia,FJI,88,-0.7768581834569322,0.4653045495755812,0.12542459443631968,0.0007113413880758514,0.22120747410630423,2021,0.002334184236147,bvmeat
pasture_fp_kg_m2_by_country_year_Cow_Meat,Melanesia,PNG,88,-0.7768581834569322,0.4653045495755812,0.12542459443631968,0.0007113413880758514,0.22120747410630423,2021,0.0012498467180304,bvmeat
pasture_fp_kg_m2_by_country_year_Cow_Meat,Melanesia,SLB,88,-0.7768581834569322,0.4653045495755812,0.12542459443631968,0.0007113413880758514,0.22120747410630423,2021,0.0081269134440757,bvmeat
pasture_fp_kg_m2_by_country_year_Cow_Meat,Melanesia,VUT,88,-0.7768581834569322,0.4653045495755812,0.12542459443631968,0.0007113413880758514,0.22120747410630423,2021,0.0050120514340802,bvmeat
pasture_fp_kg_m2_by_country_year_Cow_Meat,Micronesia,FSM,22,0.02442553155001497,-5.058307829566141,0.00038420172097566977,0.9310065456760088,0.2785902598875479,2021,0.0080301966510298,bvmeat
pasture_fp_kg_m2_by_country_year_Cow_Meat,Northern Africa,DZA,109,-2.232251810994888,12.65120374014813,0.2718751355241403,6.123059882814108e-09,0.3531583513016239,2021,0.0013924408537202,bvmeat
pasture_fp_kg_m2_by_country_year_Cow_Meat,Northern Africa,EGY,109,-2.232251810994888,12.65120374014813,0.2718751355241403,6.123059882814108e-09,0.3531583513016239,2021,0.1666979639614179,bvmeat
pasture_fp_kg_m2_by_country_year_Cow_Meat,Northern Africa,LBY,109,-2.232251810994888,12.65120374014813,0.2718751355241403,6.123059882814108e-09,0.3531583513016239,2021,0.0002691008820464,bvmeat
pasture_fp_kg_m2_by_country_year_Cow_Meat,Northern Africa,MAR,109,-2.232251810994888,12.65120374014813,0.2718751355241403,6.123059882814108e-09,0.3531583513016239,2021,0.0022618000799387,bvmeat
pasture_fp_kg_m2_by_country_year_Cow_Meat,Northern Africa,TUN,109,-2.232251810994888,12.65120374014813,0.2718751355241403,6.123059882814108e-09,0.3531583513016239,2021,0.0027985000303157,bvmeat
pasture_fp_kg_m2_by_country_year_Cow_Meat,Northern America,CAN,44,-0.11672654100768369,-3.9407401725733044,0.03215952864295779,0.2441110459456561,0.09880798047833857,2021,0.0070612915045169,bvmeat
pasture_fp_kg_m2_by_country_year_Cow_Meat,Northern America,USA,44,-0.11672654100768369,-3.9407401725733044,0.03215952864295779,0.2441110459456561,0.09880798047833857,2021,0.0057515384310711,bvmeat
pasture_fp_kg_m2_by_country_year_Cow_Meat,Northern Europe,DNK,220,0.4543601140547336,-9.287423109147117,0.07724001247734541,2.8969084446017314e-05,0.10636412278676882,2021,0.0388847191581843,bvmeat
pasture_fp_kg_m2_by_country_year_Cow_Meat,Northern Europe,EST,220,0.4543601140547336,-9.287423109147117,0.07724001247734541,2.8969084446017314e-05,0.10636412278676882,2021,0.0073138080173913,bvmeat
pasture_fp_kg_m2_by_country_year_Cow_Meat,Northern Europe,FIN,220,0.4543601140547336,-9.287423109147117,0.07724001247734541,2.8969084446017314e-05,0.10636412278676882,2021,0.0185556199511599,bvmeat
pasture_fp_kg_m2_by_country_year_Cow_Meat,Northern Europe,GBR,220,0.4543601140547336,-9.287423109147117,0.07724001247734541,2.8969084446017314e-05,0.10636412278676882,2021,0.0123173282545784,bvmeat
pasture_fp_kg_m2_by_country_year_Cow_Meat,Northern Europe,IRL,220,0.4543601140547336,-9.287423109147117,0.07724001247734541,2.8969084446017314e-05,0.10636412278676882,2021,0.0229735674113207,bvmeat
pasture_fp_kg_m2_by_country_year_Cow_Meat,Northern Europe,ISL,220,0.4543601140547336,-9.287423109147117,0.07724001247734541,2.8969084446017314e-05,0.10636412278676882,2021,0.000824678045016,bvmeat
pasture_fp_kg_m2_by_country_year_Cow_Meat,Northern Europe,LTU,220,0.4543601140547336,-9.287423109147117,0.07724001247734541,2.8969084446017314e-05,0.10636412278676882,2021,0.0103490517521466,bvmeat
pasture_fp_kg_m2_by_country_year_Cow_Meat,Northern Europe,LVA,220,0.4543601140547336,-9.287423109147117,0.07724001247734541,2.8969084446017314e-05,0.10636412278676882,2021,0.0050556769629298,bvmeat
pasture_fp_kg_m2_by_country_year_Cow_Meat,Northern Europe,NOR,220,0.4543601140547336,-9.287423109147117,0.07724001247734541,2.8969084446017314e-05,0.10636412278676882,2021,0.0223821580885496,bvmeat
pasture_fp_kg_m2_by_country_year_Cow_Meat,Northern Europe,SWE,220,0.4543601140547336,-9.287423109147117,0.07724001247734541,2.8969084446017314e-05,0.10636412278676882,2021,0.0144478594659616,bvmeat
pasture_fp_kg_m2_by_country_year_Cow_Meat,Polynesia,TON,44,-0.6883586799235586,1.3080439395903074,0.007827964102532352,0.5679260969408345,1.195801864836637,2021,0.0072780304896827,bvmeat
pasture_fp_kg_m2_by_country_year_Cow_Meat,Polynesia,WSM,44,-0.6883586799235586,1.3080439395903074,0.007827964102532352,0.5679260969408345,1.195801864836637,2021,0.0231836967238689,bvmeat
pasture_fp_kg_m2_by_country_year_Cow_Meat,South-eastern Asia,IDN,198,-0.11942738001415044,-3.796798029873899,0.006220393440728297,0.2693821312323216,0.1078231417139525,2021,0.0054526986802885,bvmeat
pasture_fp_kg_m2_by_country_year_Cow_Meat,South-eastern Asia,KHM,198,-0.11942738001415044,-3.796798029873899,0.006220393440728297,0.2693821312323216,0.1078231417139525,2021,0.0041136563569245,bvmeat
pasture_fp_kg_m2_by_country_year_Cow_Meat,South-eastern Asia,LAO,198,-0.11942738001415044,-3.796798029873899,0.006220393440728297,0.2693821312323216,0.1078231417139525,2021,0.0094504348833087,bvmeat
pasture_fp_kg_m2_by_country_year_Cow_Meat,South-eastern Asia,MMR,198,-0.11942738001415044,-3.796798029873899,0.006220393440728297,0.2693821312323216,0.1078231417139525,2021,0.03542947535,bvmeat
pasture_fp_kg_m2_by_country_year_Cow_Meat,South-eastern Asia,MYS,198,-0.11942738001415044,-3.796798029873899,0.006220393440728297,0.2693821312323216,0.1078231417139525,2021,0.0105888415726229,bvmeat
pasture_fp_kg_m2_by_country_year_Cow_Meat,South-eastern Asia,PHL,198,-0.11942738001415044,-3.796798029873899,0.006220393440728297,0.2693821312323216,0.1078231417139525,2021,0.0132878062011194,bvmeat
pasture_fp_kg_m2_by_country_year_Cow_Meat,South-eastern Asia,THA,198,-0.11942738001415044,-3.796798029873899,0.006220393440728297,0.2693821312323216,0.1078231417139525,2021,0.0058683162172554,bvmeat
pasture_fp_kg_m2_by_country_year_Cow_Meat,South-eastern Asia,TLS,198,-0.11942738001415044,-3.796798029873899,0.006220393440728297,0.2693821312323216,0.1078231417139525,2021,0.0015039772005324,bvmeat
pasture_fp_kg_m2_by_country_year_Cow_Meat,South-eastern Asia,VNM,198,-0.11942738001415044,-3.796798029873899,0.006220393440728297,0.2693821312323216,0.1078231417139525,2021,0.0564335511209687,bvmeat
pasture_fp_kg_m2_by_country_year_Cow_Meat,Southern Asia,BGD,142,-1.2875867786676094,4.940544035709002,0.24297358601431876,4.6135067935759773e-10,0.1920827989926029,2021,0.0349307138128098,bvmeat
pasture_fp_kg_m2_by_country_year_Cow_Meat,Southern Asia,BTN,142,-1.2875867786676094,4.940544035709002,0.24297358601431876,4.6135067935759773e-10,0.1920827989926029,2021,0.0006493899115605,bvmeat
pasture_fp_kg_m2_by_country_year_Cow_Meat,Southern Asia,IND,142,-1.2875867786676094,4.940544035709002,0.24297358601431876,4.6135067935759773e-10,0.1920827989926029,2021,0.061101713220077,bvmeat
pasture_fp_kg_m2_by_country_year_Cow_Meat,Southern Asia,IRN,142,-1.2875867786676094,4.940544035709002,0.24297358601431876,4.6135067935759773e-10,0.1920827989926029,2021,0.0025309589636665,bvmeat
pasture_fp_kg_m2_by_country_year_Cow_Meat,Southern Asia,LKA,142,-1.2875867786676094,4.940544035709002,0.24297358601431876,4.6135067935759773e-10,0.1920827989926029,2021,0.009626065821999,bvmeat
pasture_fp_kg_m2_by_country_year_Cow_Meat,Southern Asia,NPL,142,-1.2875867786676094,4.940544035709002,0.24297358601431876,4.6135067935759773e-10,0.1920827989926029,2021,0.0166813577937675,bvmeat
pasture_fp_kg_m2_by_country_year_Cow_Meat,Southern Asia,PAK,142,-1.2875867786676094,4.940544035709002,0.24297358601431876,4.6135067935759773e-10,0.1920827989926029,2021,0.0865779974519999,bvmeat
pasture_fp_kg_m2_by_country_year_Cow_Meat,Southern Europe,ALB,230,0.35985344314619067,-8.126025289603287,0.1644234361840979,1.6286474621253693e-10,0.05372414395799067,2021,0.0108264827524308,bvmeat
pasture_fp_kg_m2_by_country_year_Cow_Meat,Southern Europe,BIH,230,0.35985344314619067,-8.126025289603287,0.1644234361840979,1.6286474621253693e-10,0.05372414395799067,2021,0.0024798895030514,bvmeat
pasture_fp_kg_m2_by_country_year_Cow_Meat,Southern Europe,ESP,230,0.35985344314619067,-8.126025289603287,0.1644234361840979,1.6286474621253693e-10,0.05372414395799067,2021,0.009619986830326,bvmeat
pasture_fp_kg_m2_by_country_year_Cow_Meat,Southern Europe,GRC,230,0.35985344314619067,-8.126025289603287,0.1644234361840979,1.6286474621253693e-10,0.05372414395799067,2021,0.0045688947923963,bvmeat
pasture_fp_kg_m2_by_country_year_Cow_Meat,Southern Europe,HRV,230,0.35985344314619067,-8.126025289603287,0.1644234361840979,1.6286474621253693e-10,0.05372414395799067,2021,0.0105581996280587,bvmeat
pasture_fp_kg_m2_by_country_year_Cow_Meat,Southern Europe,ITA,230,0.35985344314619067,-8.126025289603287,0.1644234361840979,1.6286474621253693e-10,0.05372414395799067,2021,0.021130547003573,bvmeat
pasture_fp_kg_m2_by_country_year_Cow_Meat,Southern Europe,MKD,230,0.35985344314619067,-8.126025289603287,0.1644234361840979,1.6286474621253693e-10,0.05372414395799067,2021,0.0020573140349127,bvmeat
pasture_fp_kg_m2_by_country_year_Cow_Meat,Southern Europe,MNE,230,0.35985344314619067,-8.126025289603287,0.1644234361840979,1.6286474621253693e-10,0.05372414395799067,2021,0.0036641120659793,bvmeat
pasture_fp_kg_m2_by_country_year_Cow_Meat,Southern Europe,PRT,230,0.35985344314619067,-8.126025289603287,0.1644234361840979,1.6286474621253693e-10,0.05372414395799067,2021,0.0076658458265589,bvmeat
pasture_fp_kg_m2_by_country_year_Cow_Meat,Southern Europe,SRB,230,0.35985344314619067,-8.126025289603287,0.1644234361840979,1.6286474621253693e-10,0.05372414395799067,2021,0.0196864475795795,bvmeat
pasture_fp_kg_m2_by_country_year_Cow_Meat,Southern Europe,SVN,230,0.35985344314619067,-8.126025289603287,0.1644234361840979,1.6286474621253693e-10,0.05372414395799067,2021,0.0141204058141858,bvmeat
pasture_fp_kg_m2_by_country_year_Cow_Meat,Sub-Saharan Africa,AGO,770,0.05827113508049423,-7.410476426821217,0.0010408509985901004,0.3713119001569624,0.0651407044252655,2021,0.0003011998436525,bvmeat
pasture_fp_kg_m2_by_country_year_Cow_Meat,Sub-Saharan Africa,BFA,770,0.05827113508049423,-7.410476426821217,0.0010408509985901004,0.3713119001569624,0.0651407044252655,2021,0.0024794140072389,bvmeat
pasture_fp_kg_m2_by_country_year_Cow_Meat,Sub-Saharan Africa,BWA,770,0.05827113508049423,-7.410476426821217,0.0010408509985901004,0.3713119001569624,0.0651407044252655,2021,0.0002701232810937,bvmeat
pasture_fp_kg_m2_by_country_year_Cow_Meat,Sub-Saharan Africa,CMR,770,0.05827113508049423,-7.410476426821217,0.0010408509985901004,0.3713119001569624,0.0651407044252655,2021,0.0054928959410304,bvmeat
pasture_fp_kg_m2_by_country_year_Cow_Meat,Sub-Saharan Africa,COD,770,0.05827113508049423,-7.410476426821217,0.0010408509985901004,0.3713119001569624,0.0651407044252655,2021,0.0001739453114476,bvmeat
pasture_fp_kg_m2_by_country_year_Cow_Meat,Sub-Saharan Africa,COG,770,0.05827113508049423,-7.410476426821217,0.0010408509985901004,0.3713119001569624,0.0651407044252655,2021,6.501386624213913e-05,bvmeat
pasture_fp_kg_m2_by_country_year_Cow_Meat,Sub-Saharan Africa,COM,770,0.05827113508049423,-7.410476426821217,0.0010408509985901004,0.3713119001569624,0.0651407044252655,2021,0.0084901610357661,bvmeat
pasture_fp_kg_m2_by_country_year_Cow_Meat,Sub-Saharan Africa,CPV,770,0.05827113508049423,-7.410476426821217,0.0010408509985901004,0.3713119001569624,0.0651407044252655,2021,0.0041186010580343,bvmeat
pasture_fp_kg_m2_by_country_year_Cow_Meat,Sub-Saharan Africa,DJI,770,0.05827113508049423,-7.410476426821217,0.0010408509985901004,0.3713119001569624,0.0651407044252655,2021,0.0005497435359983,bvmeat
pasture_fp_kg_m2_by_country_year_Cow_Meat,Sub-Saharan Africa,GAB,770,0.05827113508049423,-7.410476426821217,0.0010408509985901004,0.3713119001569624,0.0651407044252655,2021,0.0001121654007272,bvmeat
pasture_fp_kg_m2_by_country_year_Cow_Meat,Sub-Saharan Africa,GHA,770,0.05827113508049423,-7.410476426821217,0.0010408509985901004,0.3713119001569624,0.0651407044252655,2021,0.001163289600515,bvmeat
pasture_fp_kg_m2_by_country_year_Cow_Meat,Sub-Saharan Africa,GIN,770,0.05827113508049423,-7.410476426821217,0.0010408509985901004,0.3713119001569624,0.0651407044252655,2021,0.0008377469379439,bvmeat
pasture_fp_kg_m2_by_country_year_Cow_Meat,Sub-Saharan Africa,GMB,770,0.05827113508049423,-7.410476426821217,0.0010408509985901004,0.3713119001569624,0.0651407044252655,2021,0.0020357797696961,bvmeat
pasture_fp_kg_m2_by_country_year_Cow_Meat,Sub-Saharan Africa,GNB,770,0.05827113508049423,-7.410476426821217,0.0010408509985901004,0.3713119001569624,0.0651407044252655,2021,0.0041831414401786,bvmeat
pasture_fp_kg_m2_by_country_year_Cow_Meat,Sub-Saharan Africa,KEN,770,0.05827113508049423,-7.410476426821217,0.0010408509985901004,0.3713119001569624,0.0651407044252655,2021,0.0020765733257567,bvmeat
pasture_fp_kg_m2_by_country_year_Cow_Meat,Sub-Saharan Africa,LBR,770,0.05827113508049423,-7.410476426821217,0.0010408509985901004,0.3713119001569624,0.0651407044252655,2021,0.0002011634958218,bvmeat
pasture_fp_kg_m2_by_country_year_Cow_Meat,Sub-Saharan Africa,LSO,770,0.05827113508049423,-7.410476426821217,0.0010408509985901004,0.3713119001569624,0.0651407044252655,2021,0.0003106720335095,bvmeat
pasture_fp_kg_m2_by_country_year_Cow_Meat,Sub-Saharan Africa,MDG,770,0.05827113508049423,-7.410476426821217,0.0010408509985901004,0.3713119001569624,0.0651407044252655,2021,0.0001109195960973,bvmeat
pasture_fp_kg_m2_by_country_year_Cow_Meat,Sub-Saharan Africa,MOZ,770,0.05827113508049423,-7.410476426821217,0.0010408509985901004,0.3713119001569624,0.0651407044252655,2021,5.455235931227135e-05,bvmeat
pasture_fp_kg_m2_by_country_year_Cow_Meat,Sub-Saharan Africa,MRT,770,0.05827113508049423,-7.410476426821217,0.0010408509985901004,0.3713119001569624,0.0651407044252655,2021,0.000187774470728,bvmeat
pasture_fp_kg_m2_by_country_year_Cow_Meat,Sub-Saharan Africa,MUS,770,0.05827113508049423,-7.410476426821217,0.0010408509985901004,0.3713119001569624,0.0651407044252655,2021,0.0126320722806002,bvmeat
pasture_fp_kg_m2_by_country_year_Cow_Meat,Sub-Saharan Africa,MWI,770,0.05827113508049423,-7.410476426821217,0.0010408509985901004,0.3713119001569624,0.0651407044252655,2021,0.0045050382746349,bvmeat
pasture_fp_kg_m2_by_country_year_Cow_Meat,Sub-Saharan Africa,NAM,770,0.05827113508049423,-7.410476426821217,0.0010408509985901004,0.3713119001569624,0.0651407044252655,2021,8.813710617185526e-05,bvmeat
pasture_fp_kg_m2_by_country_year_Cow_Meat,Sub-Saharan Africa,NER,770,0.05827113508049423,-7.410476426821217,0.0010408509985901004,0.3713119001569624,0.0651407044252655,2021,0.0004032555828182,bvmeat
pasture_fp_kg_m2_by_country_year_Cow_Meat,Sub-Saharan Africa,NGA,770,0.05827113508049423,-7.410476426821217,0.0010408509985901004,0.3713119001569624,0.0651407044252655,2021,0.0020352669250411,bvmeat
pasture_fp_kg_m2_by_country_year_Cow_Meat,Sub-Saharan Africa,RWA,770,0.05827113508049423,-7.410476426821217,0.0010408509985901004,0.3713119001569624,0.0651407044252655,2021,0.0137124033227288,bvmeat
pasture_fp_kg_m2_by_country_year_Cow_Meat,Sub-Saharan Africa,SEN,770,0.05827113508049423,-7.410476426821217,0.0010408509985901004,0.3713119001569624,0.0651407044252655,2021,0.0024132599449999,bvmeat
pasture_fp_kg_m2_by_country_year_Cow_Meat,Sub-Saharan Africa,SLE,770,0.05827113508049423,-7.410476426821217,0.0010408509985901004,0.3713119001569624,0.0651407044252655,2021,0.0007688173497881,bvmeat
pasture_fp_kg_m2_by_country_year_Cow_Meat,Sub-Saharan Africa,STP,770,0.05827113508049423,-7.410476426821217,0.0010408509985901004,0.3713119001569624,0.0651407044252655,2021,0.0245072880294915,bvmeat
pasture_fp_kg_m2_by_country_year_Cow_Meat,Sub-Saharan Africa,SWZ,770,0.05827113508049423,-7.410476426821217,0.0010408509985901004,0.3713119001569624,0.0651407044252655,2021,0.0018096114299262,bvmeat
pasture_fp_kg_m2_by_country_year_Cow_Meat,Sub-Saharan Africa,TZA,770,0.05827113508049423,-7.410476426821217,0.0010408509985901004,0.3713119001569624,0.0651407044252655,2021,0.0026425048568385,bvmeat
pasture_fp_kg_m2_by_country_year_Cow_Meat,Sub-Saharan Africa,UGA,770,0.05827113508049423,-7.410476426821217,0.0010408509985901004,0.3713119001569624,0.0651407044252655,2021,0.0054782992693559,bvmeat
pasture_fp_kg_m2_by_country_year_Cow_Meat,Sub-Saharan Africa,ZAF,770,0.05827113508049423,-7.410476426821217,0.0010408509985901004,0.3713119001569624,0.0651407044252655,2021,0.0015054033922874,bvmeat
pasture_fp_kg_m2_by_country_year_Cow_Meat,Sub-Saharan Africa,ZMB,770,0.05827113508049423,-7.410476426821217,0.0010408509985901004,0.3713119001569624,0.0651407044252655,2021,0.0010239925295663,bvmeat
pasture_fp_kg_m2_by_country_year_Cow_Meat,Sub-Saharan Africa,ZWE,770,0.05827113508049423,-7.410476426821217,0.0010408509985901004,0.3713119001569624,0.0651407044252655,2021,0.0055205422105304,bvmeat
pasture_fp_kg_m2_by_country_year_Cow_Meat,Western Asia,ARE,352,0.7409414487391432,-11.55482275262716,0.15794805103313717,9.084413169243945e-15,0.09144546549622012,2021,0.0200237653333333,bvmeat
pasture_fp_kg_m2_by_country_year_Cow_Meat,Western Asia,ARM,352,0.7409414487391432,-11.55482275262716,0.15794805103313717,9.084413169243945e-15,0.09144546549622012,2021,0.0080804965075569,bvmeat
pasture_fp_kg_m2_by_country_year_Cow_Meat,Western Asia,AZE,352,0.7409414487391432,-11.55482275262716,0.15794805103313717,9.084413169243945e-15,0.09144546549622012,2021,0.0107441621178903,bvmeat
pasture_fp_kg_m2_by_country_year_Cow_Meat,Western Asia,BHR,352,0.7409414487391432,-11.55482275262716,0.15794805103313717,9.084413169243945e-15,0.09144546549622012,2021,0.4235865829999998,bvmeat
pasture_fp_kg_m2_by_country_year_Cow_Meat,Western Asia,CYP,352,0.7409414487391432,-11.55482275262716,0.15794805103313717,9.084413169243945e-15,0.09144546549622012,2021,0.6758958498526899,bvmeat
pasture_fp_kg_m2_by_country_year_Cow_Meat,Western Asia,GEO,352,0.7409414487391432,-11.55482275262716,0.15794805103313717,9.084413169243945e-15,0.09144546549622012,2021,0.0020605815632869,bvmeat
pasture_fp_kg_m2_by_country_year_Cow_Meat,Western Asia,IRQ,352,0.7409414487391432,-11.55482275262716,0.15794805103313717,9.084413169243945e-15,0.09144546549622012,2021,0.0020747918122961,bvmeat
pasture_fp_kg_m2_by_country_year_Cow_Meat,Western Asia,ISR,352,0.7409414487391432,-11.55482275262716,0.15794805103313717,9.084413169243945e-15,0.09144546549622012,2021,0.1371543686585366,bvmeat
pasture_fp_kg_m2_by_country_year_Cow_Meat,Western Asia,JOR,352,0.7409414487391432,-11.55482275262716,0.15794805103313717,9.084413169243945e-15,0.09144546549622012,2021,0.0101868264959568,bvmeat
pasture_fp_kg_m2_by_country_year_Cow_Meat,Western Asia,KWT,352,0.7409414487391432,-11.55482275262716,0.15794805103313717,9.084413169243945e-15,0.09144546549622012,2021,0.0265277179334504,bvmeat
pasture_fp_kg_m2_by_country_year_Cow_Meat,Western Asia,LBN,352,0.7409414487391432,-11.55482275262716,0.15794805103313717,9.084413169243945e-15,0.09144546549622012,2021,0.0150794823399999,bvmeat
pasture_fp_kg_m2_by_country_year_Cow_Meat,Western Asia,OMN,352,0.7409414487391432,-11.55482275262716,0.15794805103313717,9.084413169243945e-15,0.09144546549622012,2021,0.0037170773119676,bvmeat
pasture_fp_kg_m2_by_country_year_Cow_Meat,Western Asia,QAT,352,0.7409414487391432,-11.55482275262716,0.15794805103313717,9.084413169243945e-15,0.09144546549622012,2021,0.01501555248,bvmeat
pasture_fp_kg_m2_by_country_year_Cow_Meat,Western Asia,SAU,352,0.7409414487391432,-11.55482275262716,0.15794805103313717,9.084413169243945e-15,0.09144546549622012,2021,0.0001444929614418,bvmeat
pasture_fp_kg_m2_by_country_year_Cow_Meat,Western Asia,TUR,352,0.7409414487391432,-11.55482275262716,0.15794805103313717,9.084413169243945e-15,0.09144546549622012,2021,0.0163680058291031,bvmeat
pasture_fp_kg_m2_by_country_year_Cow_Meat,Western Asia,YEM,352,0.7409414487391432,-11.55482275262716,0.15794805103313717,9.084413169243945e-15,0.09144546549622012,2021,0.0008139408683804,bvmeat
pasture_fp_kg_m2_by_country_year_Cow_Meat,Western Europe,AUT,154,-0.4124345812347426,0.9946671828778784,0.08415973800707803,0.0002626935626370123,0.11035473109820322,2021,0.0240155037797969,bvmeat
pasture_fp_kg_m2_by_country_year_Cow_Meat,Western Europe,BEL,154,-0.4124345812347426,0.9946671828778784,0.08415973800707803,0.0002626935626370123,0.11035473109820322,2021,0.0652841153860953,bvmeat
pasture_fp_kg_m2_by_country_year_Cow_Meat,Western Europe,CHE,154,-0.4124345812347426,0.9946671828778784,0.08415973800707803,0.0002626935626370123,0.11035473109820322,2021,0.0212534024561309,bvmeat
pasture_fp_kg_m2_by_country_year_Cow_Meat,Western Europe,DEU,154,-0.4124345812347426,0.9946671828778784,0.08415973800707803,0.0002626935626370123,0.11035473109820322,2021,0.0260488926766606,bvmeat
pasture_fp_kg_m2_by_country_year_Cow_Meat,Western Europe,FRA,154,-0.4124345812347426,0.9946671828778784,0.08415973800707803,0.0002626935626370123,0.11035473109820322,2021,0.0171115505873608,bvmeat
pasture_fp_kg_m2_by_country_year_Cow_Meat,Western Europe,LUX,154,-0.4124345812347426,0.9946671828778784,0.08415973800707803,0.0002626935626370123,0.11035473109820322,2021,0.028177841836797,bvmeat
pasture_fp_kg_m2_by_country_year_Cow_Meat,Western Europe,NLD,154,-0.4124345812347426,0.9946671828778784,0.08415973800707803,0.0002626935626370123,0.11035473109820322,2021,0.0856666126463414,bvmeat
pasture_fp_kg_m2_by_country_year_Cow_Milk,Australia and New Zealand,AUS,44,-6.932165258097797,71.68659015135613,0.6939590112713357,2.3130302338428366e-12,0.7103414388562295,2021,0.0277354536897734,bvmilk
pasture_fp_kg_m2_by_country_year_Cow_Milk,Australia and New Zealand,NZL,44,-6.932165258097797,71.68659015135613,0.6939590112713357,2.3130302338428366e-12,0.7103414388562295,2021,0.6107974814482164,bvmilk
pasture_fp_kg_m2_by_country_year_Cow_Milk,Central Asia,KAZ,110,-0.6663260745037302,2.1773968202924183,0.3640802094289191,3.0248537954446515e-12,0.08473787422372894,2021,0.0127733724798554,bvmilk
pasture_fp_kg_m2_by_country_year_Cow_Milk,Central Asia,KGZ,110,-0.6663260745037302,2.1773968202924183,0.3640802094289191,3.0248537954446515e-12,0.08473787422372894,2021,0.0871256621482658,bvmilk
pasture_fp_kg_m2_by_country_year_Cow_Milk,Central Asia,TJK,110,-0.6663260745037302,2.1773968202924183,0.3640802094289191,3.0248537954446515e-12,0.08473787422372894,2021,0.4390755217320692,bvmilk
pasture_fp_kg_m2_by_country_year_Cow_Milk,Central Asia,TKM,110,-0.6663260745037302,2.1773968202924183,0.3640802094289191,3.0248537954446515e-12,0.08473787422372894,2021,0.0309322061692785,bvmilk
pasture_fp_kg_m2_by_country_year_Cow_Milk,Central Asia,UZB,110,-0.6663260745037302,2.1773968202924183,0.3640802094289191,3.0248537954446515e-12,0.08473787422372894,2021,0.2432440908493275,bvmilk
pasture_fp_kg_m2_by_country_year_Cow_Milk,Eastern Asia,KOR,44,3.0441982358117827,-29.12295840166188,0.9536162723481866,1.2337964488219553e-29,0.10359630895228403,2021,9.339201116879297,bvmilk
pasture_fp_kg_m2_by_country_year_Cow_Milk,Eastern Asia,MNG,44,3.0441982358117827,-29.12295840166188,0.9536162723481866,1.2337964488219553e-29,0.10359630895228403,2021,0.0100255918063681,bvmilk
pasture_fp_kg_m2_by_country_year_Cow_Milk,Eastern Europe,BGR,220,0.14456605612657086,-2.551948024989902,0.024974867462907405,0.019004971702281298,0.06117787609686403,2021,0.1202973638920135,bvmilk
pasture_fp_kg_m2_by_country_year_Cow_Milk,Eastern Europe,BLR,220,0.14456605612657086,-2.551948024989902,0.024974867462907405,0.019004971702281298,0.06117787609686403,2021,0.5516334546714363,bvmilk
pasture_fp_kg_m2_by_country_year_Cow_Milk,Eastern Europe,CZE,220,0.14456605612657086,-2.551948024989902,0.024974867462907405,0.019004971702281298,0.06117787609686403,2021,0.5761469998220385,bvmilk
pasture_fp_kg_m2_by_country_year_Cow_Milk,Eastern Europe,HUN,220,0.14456605612657086,-2.551948024989902,0.024974867462907405,0.019004971702281298,0.06117787609686403,2021,0.3852259470169236,bvmilk
pasture_fp_kg_m2_by_country_year_Cow_Milk,Eastern Europe,MDA,220,0.14456605612657086,-2.551948024989902,0.024974867462907405,0.019004971702281298,0.06117787609686403,2021,0.1022027306314375,bvmilk
pasture_fp_kg_m2_by_country_year_Cow_Milk,Eastern Europe,POL,220,0.14456605612657086,-2.551948024989902,0.024974867462907405,0.019004971702281298,0.06117787609686403,2021,1.1519284932980658,bvmilk
pasture_fp_kg_m2_by_country_year_Cow_Milk,Eastern Europe,ROU,220,0.14456605612657086,-2.551948024989902,0.024974867462907405,0.019004971702281298,0.06117787609686403,2021,0.170626328016783,bvmilk
pasture_fp_kg_m2_by_country_year_Cow_Milk,Eastern Europe,RUS,220,0.14456605612657086,-2.551948024989902,0.024974867462907405,0.019004971702281298,0.06117787609686403,2021,0.0717931235642372,bvmilk
pasture_fp_kg_m2_by_country_year_Cow_Milk,Eastern Europe,SVK,220,0.14456605612657086,-2.551948024989902,0.024974867462907405,0.019004971702281298,0.06117787609686403,2021,0.2384312052313883,bvmilk
pasture_fp_kg_m2_by_country_year_Cow_Milk,Eastern Europe,UKR,220,0.14456605612657086,-2.551948024989902,0.024974867462907405,0.019004971702281298,0.06117787609686403,2021,0.2401567889552085,bvmilk
pasture_fp_kg_m2_by_country_year_Cow_Milk,Latin America and the Caribbean,ARG,638,0.35809616643700043,-4.873110635129649,0.07233118102937404,4.931828562037057e-12,0.05085162262138524,2021,0.1530111952784735,bvmilk
pasture_fp_kg_m2_by_country_year_Cow_Milk,Latin America and the Caribbean,ATG,638,0.35809616643700043,-4.873110635129649,0.07233118102937404,4.931828562037057e-12,0.05085162262138524,2021,0.1034987557904834,bvmilk
pasture_fp_kg_m2_by_country_year_Cow_Milk,Latin America and the Caribbean,BHS,638,0.35809616643700043,-4.873110635129649,0.07233118102937404,4.931828562037057e-12,0.05085162262138524,2021,0.1244618327247435,bvmilk
pasture_fp_kg_m2_by_country_year_Cow_Milk,Latin America and the Caribbean,BLZ,638,0.35809616643700043,-4.873110635129649,0.07233118102937404,4.931828562037057e-12,0.05085162262138524,2021,0.1110901626432481,bvmilk
pasture_fp_kg_m2_by_country_year_Cow_Milk,Latin America and the Caribbean,BOL,638,0.35809616643700043,-4.873110635129649,0.07233118102937404,4.931828562037057e-12,0.05085162262138524,2021,0.035000362030303,bvmilk
pasture_fp_kg_m2_by_country_year_Cow_Milk,Latin America and the Caribbean,BRA,638,0.35809616643700043,-4.873110635129649,0.07233118102937404,4.931828562037057e-12,0.05085162262138524,2021,0.2178236094701656,bvmilk
pasture_fp_kg_m2_by_country_year_Cow_Milk,Latin America and the Caribbean,BRB,638,0.35809616643700043,-4.873110635129649,0.07233118102937404,4.931828562037057e-12,0.05085162262138524,2021,0.4381564920979237,bvmilk
pasture_fp_kg_m2_by_country_year_Cow_Milk,Latin America and the Caribbean,CHL,638,0.35809616643700043,-4.873110635129649,0.07233118102937404,4.931828562037057e-12,0.05085162262138524,2021,0.1164050533986492,bvmilk
pasture_fp_kg_m2_by_country_year_Cow_Milk,Latin America and the Caribbean,COL,638,0.35809616643700043,-4.873110635129649,0.07233118102937404,4.931828562037057e-12,0.05085162262138524,2021,0.0903338246131419,bvmilk
pasture_fp_kg_m2_by_country_year_Cow_Milk,Latin America and the Caribbean,CRI,638,0.35809616643700043,-4.873110635129649,0.07233118102937404,4.931828562037057e-12,0.05085162262138524,2021,0.3924773204587197,bvmilk
pasture_fp_kg_m2_by_country_year_Cow_Milk,Latin America and the Caribbean,DOM,638,0.35809616643700043,-4.873110635129649,0.07233118102937404,4.931828562037057e-12,0.05085162262138524,2021,0.2510501026592494,bvmilk
pasture_fp_kg_m2_by_country_year_Cow_Milk,Latin America and the Caribbean,ECU,638,0.35809616643700043,-4.873110635129649,0.07233118102937404,4.931828562037057e-12,0.05085162262138524,2021,0.3399600560465007,bvmilk
pasture_fp_kg_m2_by_country_year_Cow_Milk,Latin America and the Caribbean,GRD,638,0.35809616643700043,-4.873110635129649,0.07233118102937404,4.931828562037057e-12,0.05085162262138524,2021,1.3538838042180663,bvmilk
pasture_fp_kg_m2_by_country_year_Cow_Milk,Latin America and the Caribbean,GTM,638,0.35809616643700043,-4.873110635129649,0.07233118102937404,4.931828562037057e-12,0.05085162262138524,2021,0.4873244534095237,bvmilk
pasture_fp_kg_m2_by_country_year_Cow_Milk,Latin America and the Caribbean,GUY,638,0.35809616643700043,-4.873110635129649,0.07233118102937404,4.931828562037057e-12,0.05085162262138524,2021,0.027543871077512,bvmilk
pasture_fp_kg_m2_by_country_year_Cow_Milk,Latin America and the Caribbean,HND,638,0.35809616643700043,-4.873110635129649,0.07233118102937404,4.931828562037057e-12,0.05085162262138524,2021,0.1482351671252567,bvmilk
pasture_fp_kg_m2_by_country_year_Cow_Milk,Latin America and the Caribbean,HTI,638,0.35809616643700043,-4.873110635129649,0.07233118102937404,4.931828562037057e-12,0.05085162262138524,2021,0.2939019800991109,bvmilk
pasture_fp_kg_m2_by_country_year_Cow_Milk,Latin America and the Caribbean,JAM,638,0.35809616643700043,-4.873110635129649,0.07233118102937404,4.931828562037057e-12,0.05085162262138524,2021,0.1060664815924118,bvmilk
pasture_fp_kg_m2_by_country_year_Cow_Milk,Latin America and the Caribbean,LCA,638,0.35809616643700043,-4.873110635129649,0.07233118102937404,4.931828562037057e-12,0.05085162262138524,2021,2.9013351781390524,bvmilk
pasture_fp_kg_m2_by_country_year_Cow_Milk,Latin America and the Caribbean,MEX,638,0.35809616643700043,-4.873110635129649,0.07233118102937404,4.931828562037057e-12,0.05085162262138524,2021,0.1206618921220126,bvmilk
pasture_fp_kg_m2_by_country_year_Cow_Milk,Latin America and the Caribbean,NIC,638,0.35809616643700043,-4.873110635129649,0.07233118102937404,4.931828562037057e-12,0.05085162262138524,2021,0.2262208072383267,bvmilk
pasture_fp_kg_m2_by_country_year_Cow_Milk,Latin America and the Caribbean,PAN,638,0.35809616643700043,-4.873110635129649,0.07233118102937404,4.931828562037057e-12,0.05085162262138524,2021,0.1898107142349457,bvmilk
pasture_fp_kg_m2_by_country_year_Cow_Milk,Latin America and the Caribbean,PER,638,0.35809616643700043,-4.873110635129649,0.07233118102937404,4.931828562037057e-12,0.05085162262138524,2021,0.0527921322778233,bvmilk
pasture_fp_kg_m2_by_country_year_Cow_Milk,Latin America and the Caribbean,PRY,638,0.35809616643700043,-4.873110635129649,0.07233118102937404,4.931828562037057e-12,0.05085162262138524,2021,0.1159978341596752,bvmilk
pasture_fp_kg_m2_by_country_year_Cow_Milk,Latin America and the Caribbean,SLV,638,0.35809616643700043,-4.873110635129649,0.07233118102937404,4.931828562037057e-12,0.05085162262138524,2021,0.1928726321729103,bvmilk
pasture_fp_kg_m2_by_country_year_Cow_Milk,Latin America and the Caribbean,SUR,638,0.35809616643700043,-4.873110635129649,0.07233118102937404,4.931828562037057e-12,0.05085162262138524,2021,0.3041342980265256,bvmilk
pasture_fp_kg_m2_by_country_year_Cow_Milk,Latin America and the Caribbean,TTO,638,0.35809616643700043,-4.873110635129649,0.07233118102937404,4.931828562037057e-12,0.05085162262138524,2021,0.4786759177468724,bvmilk
pasture_fp_kg_m2_by_country_year_Cow_Milk,Latin America and the Caribbean,URY,638,0.35809616643700043,-4.873110635129649,0.07233118102937404,4.931828562037057e-12,0.05085162262138524,2021,0.1882670561289587,bvmilk
pasture_fp_kg_m2_by_country_year_Cow_Milk,Latin America and the Caribbean,VCT,638,0.35809616643700043,-4.873110635129649,0.07233118102937404,4.931828562037057e-12,0.05085162262138524,2021,0.3464069068972399,bvmilk
pasture_fp_kg_m2_by_country_year_Cow_Milk,Melanesia,FJI,88,-0.7768581834569236,4.040855318382466,0.1254245944363211,0.0007113413880757992,0.2212074741063004,2021,0.0833637227195383,bvmilk
pasture_fp_kg_m2_by_country_year_Cow_Milk,Melanesia,PNG,88,-0.7768581834569236,4.040855318382466,0.1254245944363211,0.0007113413880757992,0.2212074741063004,2021,0.0446373827868011,bvmilk
pasture_fp_kg_m2_by_country_year_Cow_Milk,Melanesia,SLB,88,-0.7768581834569236,4.040855318382466,0.1254245944363211,0.0007113413880757992,0.2212074741063004,2021,0.2902469087169902,bvmilk
pasture_fp_kg_m2_by_country_year_Cow_Milk,Melanesia,VUT,88,-0.7768581834569236,4.040855318382466,0.1254245944363211,0.0007113413880757992,0.2212074741063004,2021,0.1790018369314386,bvmilk
pasture_fp_kg_m2_by_country_year_Cow_Milk,Northern Africa,DZA,109,-2.232251810994766,16.226754508954112,0.27187513552412335,6.123059882821877e-09,0.35315835130161977,2021,0.0497300304900086,bvmilk
pasture_fp_kg_m2_by_country_year_Cow_Milk,Northern Africa,EGY,109,-2.232251810994766,16.226754508954112,0.27187513552412335,6.123059882821877e-09,0.35315835130161977,2021,5.953498712907784,bvmilk
pasture_fp_kg_m2_by_country_year_Cow_Milk,Northern Africa,LBY,109,-2.232251810994766,16.226754508954112,0.27187513552412335,6.123059882821877e-09,0.35315835130161977,2021,0.0096107457873738,bvmilk
pasture_fp_kg_m2_by_country_year_Cow_Milk,Northern Africa,MAR,109,-2.232251810994766,16.226754508954112,0.27187513552412335,6.123059882821877e-09,0.35315835130161977,2021,0.0807785742835251,bvmilk
pasture_fp_kg_m2_by_country_year_Cow_Milk,Northern Africa,TUN,109,-2.232251810994766,16.226754508954112,0.27187513552412335,6.123059882821877e-09,0.35315835130161977,2021,0.0999464296541353,bvmilk
pasture_fp_kg_m2_by_country_year_Cow_Milk,Northern America,CAN,44,-0.11672654100767745,-0.36518940376642983,0.03215952864295446,0.2441110459456809,0.09880798047833857,2021,0.2521889823041784,bvmilk
pasture_fp_kg_m2_by_country_year_Cow_Milk,Northern America,USA,44,-0.11672654100767745,-0.36518940376642983,0.03215952864295446,0.2441110459456809,0.09880798047833857,2021,0.2054120868239703,bvmilk
pasture_fp_kg_m2_by_country_year_Cow_Milk,Northern Europe,DNK,220,0.45436011405473603,-5.711872340340198,0.0772400124773489,2.8969084446004663e-05,0.10636412278676678,2021,1.3887399699351544,bvmilk
pasture_fp_kg_m2_by_country_year_Cow_Milk,Northern Europe,EST,220,0.45436011405473603,-5.711872340340198,0.0772400124773489,2.8969084446004663e-05,0.10636412278676678,2021,0.2612074291925466,bvmilk
pasture_fp_kg_m2_by_country_year_Cow_Milk,Northern Europe,FIN,220,0.45436011405473603,-5.711872340340198,0.0772400124773489,2.8969084446004663e-05,0.10636412278676678,2021,0.6627007125414266,bvmilk
pasture_fp_kg_m2_by_country_year_Cow_Milk,Northern Europe,GBR,220,0.45436011405473603,-5.711872340340198,0.0772400124773489,2.8969084446004663e-05,0.10636412278676678,2021,0.4399045805206578,bvmilk
pasture_fp_kg_m2_by_country_year_Cow_Milk,Northern Europe,IRL,220,0.45436011405473603,-5.711872340340198,0.0772400124773489,2.8969084446004663e-05,0.10636412278676678,2021,0.8204845504043128,bvmilk
pasture_fp_kg_m2_by_country_year_Cow_Milk,Northern Europe,ISL,220,0.45436011405473603,-5.711872340340198,0.0772400124773489,2.8969084446004663e-05,0.10636412278676678,2021,0.0294527873220027,bvmilk
pasture_fp_kg_m2_by_country_year_Cow_Milk,Northern Europe,LTU,220,0.45436011405473603,-5.711872340340198,0.0772400124773489,2.8969084446004663e-05,0.10636412278676678,2021,0.3696089911480953,bvmilk
pasture_fp_kg_m2_by_country_year_Cow_Milk,Northern Europe,LVA,220,0.45436011405473603,-5.711872340340198,0.0772400124773489,2.8969084446004663e-05,0.10636412278676678,2021,0.1805598915332099,bvmilk
pasture_fp_kg_m2_by_country_year_Cow_Milk,Northern Europe,NOR,220,0.45436011405473603,-5.711872340340198,0.0772400124773489,2.8969084446004663e-05,0.10636412278676678,2021,0.799362788876772,bvmilk
pasture_fp_kg_m2_by_country_year_Cow_Milk,Northern Europe,SWE,220,0.45436011405473603,-5.711872340340198,0.0772400124773489,2.8969084446004663e-05,0.10636412278676678,2021,0.5159949809272025,bvmilk
pasture_fp_kg_m2_by_country_year_Cow_Milk,Polynesia,TON,44,-0.6883586799235498,4.8835947083971725,0.007827964102532208,0.5679260969408381,1.1958018648366329,2021,0.2599296603458137,bvmilk
pasture_fp_kg_m2_by_country_year_Cow_Milk,Polynesia,WSM,44,-0.6883586799235498,4.8835947083971725,0.007827964102532208,0.5679260969408381,1.1958018648366329,2021,0.8279891687096055,bvmilk
pasture_fp_kg_m2_by_country_year_Cow_Milk,South-eastern Asia,IDN,176,-0.38347726571233093,2.067488871919774,0.0884048540386214,6.138408152140949e-05,0.09335292803028578,2021,0.1947392385817321,bvmilk
pasture_fp_kg_m2_by_country_year_Cow_Milk,South-eastern Asia,KHM,176,-0.38347726571233093,2.067488871919774,0.0884048540386214,6.138408152140949e-05,0.09335292803028578,2021,0.1469162984615914,bvmilk
pasture_fp_kg_m2_by_country_year_Cow_Milk,South-eastern Asia,LAO,176,-0.38347726571233093,2.067488871919774,0.0884048540386214,6.138408152140949e-05,0.09335292803028578,2021,0.3375155315467398,bvmilk
pasture_fp_kg_m2_by_country_year_Cow_Milk,South-eastern Asia,MMR,176,-0.38347726571233093,2.067488871919774,0.0884048540386214,6.138408152140949e-05,0.09335292803028578,2021,1.265338405357143,bvmilk
pasture_fp_kg_m2_by_country_year_Cow_Milk,South-eastern Asia,MYS,176,-0.38347726571233093,2.067488871919774,0.0884048540386214,6.138408152140949e-05,0.09335292803028578,2021,0.3781729133079627,bvmilk
pasture_fp_kg_m2_by_country_year_Cow_Milk,South-eastern Asia,PHL,176,-0.38347726571233093,2.067488871919774,0.0884048540386214,6.138408152140949e-05,0.09335292803028578,2021,0.4745645071828384,bvmilk
pasture_fp_kg_m2_by_country_year_Cow_Milk,South-eastern Asia,THA,176,-0.38347726571233093,2.067488871919774,0.0884048540386214,6.138408152140949e-05,0.09335292803028578,2021,0.2095827220448368,bvmilk
pasture_fp_kg_m2_by_country_year_Cow_Milk,South-eastern Asia,VNM,176,-0.38347726571233093,2.067488871919774,0.0884048540386214,6.138408152140949e-05,0.09335292803028578,2021,2.015483968606025,bvmilk
pasture_fp_kg_m2_by_country_year_Cow_Milk,Southern Asia,BGD,154,-1.0969235970204325,7.019274328983658,0.21584872030880475,1.2820645918774524e-09,0.16958200816594582,2021,1.2475254933146362,bvmilk
pasture_fp_kg_m2_by_country_year_Cow_Milk,Southern Asia,BTN,154,-1.0969235970204325,7.019274328983658,0.21584872030880475,1.2820645918774524e-09,0.16958200816594582,2021,0.0231924968414468,bvmilk
pasture_fp_kg_m2_by_country_year_Cow_Milk,Southern Asia,IND,154,-1.0969235970204325,7.019274328983658,0.21584872030880475,1.2820645918774524e-09,0.16958200816594582,2021,2.182204043574179,bvmilk
pasture_fp_kg_m2_by_country_year_Cow_Milk,Southern Asia,IRN,154,-1.0969235970204325,7.019274328983658,0.21584872030880475,1.2820645918774524e-09,0.16958200816594582,2021,0.0903913915595209,bvmilk
pasture_fp_kg_m2_by_country_year_Cow_Milk,Southern Asia,LKA,154,-1.0969235970204325,7.019274328983658,0.21584872030880475,1.2820645918774524e-09,0.16958200816594582,2021,0.3437880650713942,bvmilk
pasture_fp_kg_m2_by_country_year_Cow_Milk,Southern Asia,NPL,154,-1.0969235970204325,7.019274328983658,0.21584872030880475,1.2820645918774524e-09,0.16958200816594582,2021,0.597560510934749,bvmilk
pasture_fp_kg_m2_by_country_year_Cow_Milk,Southern Asia,PAK,154,-1.0969235970204325,7.019274328983658,0.21584872030880475,1.2820645918774524e-09,0.16958200816594582,2021,3.0920713375714297,bvmilk
pasture_fp_kg_m2_by_country_year_Cow_Milk,Southern Europe,ALB,230,0.3598534431461878,-4.550474520796319,0.1644234361840977,1.6286474621254365e-10,0.05372414395799027,2021,0.3866600983011005,bvmilk
pasture_fp_kg_m2_by_country_year_Cow_Milk,Southern Europe,BIH,230,0.3598534431461878,-4.550474520796319,0.1644234361840977,1.6286474621254365e-10,0.05372414395799027,2021,0.0885674822518371,bvmilk
pasture_fp_kg_m2_by_country_year_Cow_Milk,Southern Europe,ESP,230,0.3598534431461878,-4.550474520796319,0.1644234361840977,1.6286474621254365e-10,0.05372414395799027,2021,0.3435709582259311,bvmilk
pasture_fp_kg_m2_by_country_year_Cow_Milk,Southern Europe,GRC,230,0.3598534431461878,-4.550474520796319,0.1644234361840977,1.6286474621254365e-10,0.05372414395799027,2021,0.1631748140141544,bvmilk
pasture_fp_kg_m2_by_country_year_Cow_Milk,Southern Europe,HRV,230,0.3598534431461878,-4.550474520796319,0.1644234361840977,1.6286474621254365e-10,0.05372414395799027,2021,0.3770785581449545,bvmilk
pasture_fp_kg_m2_by_country_year_Cow_Milk,Southern Europe,ITA,230,0.3598534431461878,-4.550474520796319,0.1644234361840977,1.6286474621254365e-10,0.05372414395799027,2021,0.7546623929847533,bvmilk
pasture_fp_kg_m2_by_country_year_Cow_Milk,Southern Europe,MKD,230,0.3598534431461878,-4.550474520796319,0.1644234361840977,1.6286474621254365e-10,0.05372414395799027,2021,0.0734755012468828,bvmilk
pasture_fp_kg_m2_by_country_year_Cow_Milk,Southern Europe,MNE,230,0.3598534431461878,-4.550474520796319,0.1644234361840977,1.6286474621254365e-10,0.05372414395799027,2021,0.1308611452135493,bvmilk
pasture_fp_kg_m2_by_country_year_Cow_Milk,Southern Europe,PRT,230,0.3598534431461878,-4.550474520796319,0.1644234361840977,1.6286474621254365e-10,0.05372414395799027,2021,0.2737802080913921,bvmilk
pasture_fp_kg_m2_by_country_year_Cow_Milk,Southern Europe,SRB,230,0.3598534431461878,-4.550474520796319,0.1644234361840977,1.6286474621254365e-10,0.05372414395799027,2021,0.7030874135564136,bvmilk
pasture_fp_kg_m2_by_country_year_Cow_Milk,Southern Europe,SVN,230,0.3598534431461878,-4.550474520796319,0.1644234361840977,1.6286474621254365e-10,0.05372414395799027,2021,0.5043002076494935,bvmilk
pasture_fp_kg_m2_by_country_year_Cow_Milk,Sub-Saharan Africa,AGO,770,0.05827113508049668,-3.8349256580142086,0.001040850998590286,0.3713119001569196,0.06514070442526242,2021,0.0107571372733044,bvmilk
pasture_fp_kg_m2_by_country_year_Cow_Milk,Sub-Saharan Africa,BFA,770,0.05827113508049668,-3.8349256580142086,0.001040850998590286,0.3713119001569196,0.06514070442526242,2021,0.0885505002585341,bvmilk
pasture_fp_kg_m2_by_country_year_Cow_Milk,Sub-Saharan Africa,BWA,770,0.05827113508049668,-3.8349256580142086,0.001040850998590286,0.3713119001569196,0.06514070442526242,2021,0.0096472600390625,bvmilk
pasture_fp_kg_m2_by_country_year_Cow_Milk,Sub-Saharan Africa,CMR,770,0.05827113508049668,-3.8349256580142086,0.001040850998590286,0.3713119001569196,0.06514070442526242,2021,0.1961748550368015,bvmilk
pasture_fp_kg_m2_by_country_year_Cow_Milk,Sub-Saharan Africa,COD,770,0.05827113508049668,-3.8349256580142086,0.001040850998590286,0.3713119001569196,0.06514070442526242,2021,0.0062123325517027,bvmilk
pasture_fp_kg_m2_by_country_year_Cow_Milk,Sub-Saharan Africa,COG,770,0.05827113508049668,-3.8349256580142086,0.001040850998590286,0.3713119001569196,0.06514070442526242,2021,0.0023219237943621,bvmilk
pasture_fp_kg_m2_by_country_year_Cow_Milk,Sub-Saharan Africa,COM,770,0.05827113508049668,-3.8349256580142086,0.001040850998590286,0.3713119001569196,0.06514070442526242,2021,0.3032200369916474,bvmilk
pasture_fp_kg_m2_by_country_year_Cow_Milk,Sub-Saharan Africa,CPV,770,0.05827113508049668,-3.8349256580142086,0.001040850998590286,0.3713119001569196,0.06514070442526242,2021,0.1470928949297988,bvmilk
pasture_fp_kg_m2_by_country_year_Cow_Milk,Sub-Saharan Africa,DJI,770,0.05827113508049668,-3.8349256580142086,0.001040850998590286,0.3713119001569196,0.06514070442526242,2021,0.0196336977142254,bvmilk
pasture_fp_kg_m2_by_country_year_Cow_Milk,Sub-Saharan Africa,GAB,770,0.05827113508049668,-3.8349256580142086,0.001040850998590286,0.3713119001569196,0.06514070442526242,2021,0.0040059071688321,bvmilk
pasture_fp_kg_m2_by_country_year_Cow_Milk,Sub-Saharan Africa,GHA,770,0.05827113508049668,-3.8349256580142086,0.001040850998590286,0.3713119001569196,0.06514070442526242,2021,0.0415460571612501,bvmilk
pasture_fp_kg_m2_by_country_year_Cow_Milk,Sub-Saharan Africa,GIN,770,0.05827113508049668,-3.8349256580142086,0.001040850998590286,0.3713119001569196,0.06514070442526242,2021,0.0299195334979973,bvmilk
pasture_fp_kg_m2_by_country_year_Cow_Milk,Sub-Saharan Africa,GMB,770,0.05827113508049668,-3.8349256580142086,0.001040850998590286,0.3713119001569196,0.06514070442526242,2021,0.0727064203462905,bvmilk
pasture_fp_kg_m2_by_country_year_Cow_Milk,Sub-Saharan Africa,GNB,770,0.05827113508049668,-3.8349256580142086,0.001040850998590286,0.3713119001569196,0.06514070442526242,2021,0.1493979085778075,bvmilk
pasture_fp_kg_m2_by_country_year_Cow_Milk,Sub-Saharan Africa,KEN,770,0.05827113508049668,-3.8349256580142086,0.001040850998590286,0.3713119001569196,0.06514070442526242,2021,0.0741633330627414,bvmilk
pasture_fp_kg_m2_by_country_year_Cow_Milk,Sub-Saharan Africa,LBR,770,0.05827113508049668,-3.8349256580142086,0.001040850998590286,0.3713119001569196,0.06514070442526242,2021,0.0071844105650648,bvmilk
pasture_fp_kg_m2_by_country_year_Cow_Milk,Sub-Saharan Africa,LSO,770,0.05827113508049668,-3.8349256580142086,0.001040850998590286,0.3713119001569196,0.06514070442526242,2021,0.0110954297681972,bvmilk
pasture_fp_kg_m2_by_country_year_Cow_Milk,Sub-Saharan Africa,MDG,770,0.05827113508049668,-3.8349256580142086,0.001040850998590286,0.3713119001569196,0.06514070442526242,2021,0.0039614141463351,bvmilk
pasture_fp_kg_m2_by_country_year_Cow_Milk,Sub-Saharan Africa,MOZ,770,0.05827113508049668,-3.8349256580142086,0.001040850998590286,0.3713119001569196,0.06514070442526242,2021,0.0019482985468668,bvmilk
pasture_fp_kg_m2_by_country_year_Cow_Milk,Sub-Saharan Africa,MRT,770,0.05827113508049668,-3.8349256580142086,0.001040850998590286,0.3713119001569196,0.06514070442526242,2021,0.0067062310974306,bvmilk
pasture_fp_kg_m2_by_country_year_Cow_Milk,Sub-Saharan Africa,MUS,770,0.05827113508049668,-3.8349256580142086,0.001040850998590286,0.3713119001569196,0.06514070442526242,2021,0.4511454385928655,bvmilk
pasture_fp_kg_m2_by_country_year_Cow_Milk,Sub-Saharan Africa,MWI,770,0.05827113508049668,-3.8349256580142086,0.001040850998590286,0.3713119001569196,0.06514070442526242,2021,0.1608942240941054,bvmilk
pasture_fp_kg_m2_by_country_year_Cow_Milk,Sub-Saharan Africa,NAM,770,0.05827113508049668,-3.8349256580142086,0.001040850998590286,0.3713119001569196,0.06514070442526242,2021,0.0031477537918519,bvmilk
pasture_fp_kg_m2_by_country_year_Cow_Milk,Sub-Saharan Africa,NER,770,0.05827113508049668,-3.8349256580142086,0.001040850998590286,0.3713119001569196,0.06514070442526242,2021,0.0144019851006514,bvmilk
pasture_fp_kg_m2_by_country_year_Cow_Milk,Sub-Saharan Africa,NGA,770,0.05827113508049668,-3.8349256580142086,0.001040850998590286,0.3713119001569196,0.06514070442526242,2021,0.0726881044657548,bvmilk
pasture_fp_kg_m2_by_country_year_Cow_Milk,Sub-Saharan Africa,RWA,770,0.05827113508049668,-3.8349256580142086,0.001040850998590286,0.3713119001569196,0.06514070442526242,2021,0.48972869009746,bvmilk
pasture_fp_kg_m2_by_country_year_Cow_Milk,Sub-Saharan Africa,SEN,770,0.05827113508049668,-3.8349256580142086,0.001040850998590286,0.3713119001569196,0.06514070442526242,2021,0.0861878551785714,bvmilk
pasture_fp_kg_m2_by_country_year_Cow_Milk,Sub-Saharan Africa,SLE,770,0.05827113508049668,-3.8349256580142086,0.001040850998590286,0.3713119001569196,0.06514070442526242,2021,0.0274577624924326,bvmilk
pasture_fp_kg_m2_by_country_year_Cow_Milk,Sub-Saharan Africa,STP,770,0.05827113508049668,-3.8349256580142086,0.001040850998590286,0.3713119001569196,0.06514070442526242,2021,0.8752602867675553,bvmilk
pasture_fp_kg_m2_by_country_year_Cow_Milk,Sub-Saharan Africa,SWZ,770,0.05827113508049668,-3.8349256580142086,0.001040850998590286,0.3713119001569196,0.06514070442526242,2021,0.0646289796402238,bvmilk
pasture_fp_kg_m2_by_country_year_Cow_Milk,Sub-Saharan Africa,TZA,770,0.05827113508049668,-3.8349256580142086,0.001040850998590286,0.3713119001569196,0.06514070442526242,2021,0.0943751734585181,bvmilk
pasture_fp_kg_m2_by_country_year_Cow_Milk,Sub-Saharan Africa,UGA,770,0.05827113508049668,-3.8349256580142086,0.001040850998590286,0.3713119001569196,0.06514070442526242,2021,0.1956535453341408,bvmilk
pasture_fp_kg_m2_by_country_year_Cow_Milk,Sub-Saharan Africa,ZAF,770,0.05827113508049668,-3.8349256580142086,0.001040850998590286,0.3713119001569196,0.06514070442526242,2021,0.0537644068674087,bvmilk
pasture_fp_kg_m2_by_country_year_Cow_Milk,Sub-Saharan Africa,ZMB,770,0.05827113508049668,-3.8349256580142086,0.001040850998590286,0.3713119001569196,0.06514070442526242,2021,0.0365711617702251,bvmilk
pasture_fp_kg_m2_by_country_year_Cow_Milk,Sub-Saharan Africa,ZWE,770,0.05827113508049668,-3.8349256580142086,0.001040850998590286,0.3713119001569196,0.06514070442526242,2021,0.1971622218046587,bvmilk
pasture_fp_kg_m2_by_country_year_Cow_Milk,Western Asia,ARE,352,0.740941448739137,-7.979271983820152,0.15794805103313753,9.084413169243317e-15,0.09144546549621922,2021,0.7151344761904762,bvmilk
pasture_fp_kg_m2_by_country_year_Cow_Milk,Western Asia,ARM,352,0.740941448739137,-7.979271983820152,0.15794805103313753,9.084413169243317e-15,0.09144546549621922,2021,0.2885891609841784,bvmilk
pasture_fp_kg_m2_by_country_year_Cow_Milk,Western Asia,AZE,352,0.740941448739137,-7.979271983820152,0.15794805103313753,9.084413169243317e-15,0.09144546549621922,2021,0.3837200756389423,bvmilk
pasture_fp_kg_m2_by_country_year_Cow_Milk,Western Asia,BHR,352,0.740941448739137,-7.979271983820152,0.15794805103313753,9.084413169243317e-15,0.09144546549621922,2021,15.128092250000016,bvmilk
pasture_fp_kg_m2_by_country_year_Cow_Milk,Western Asia,CYP,352,0.740941448739137,-7.979271983820152,0.15794805103313753,9.084413169243317e-15,0.09144546549621922,2021,24.139137494738943,bvmilk
pasture_fp_kg_m2_by_country_year_Cow_Milk,Western Asia,GEO,352,0.740941448739137,-7.979271983820152,0.15794805103313753,9.084413169243317e-15,0.09144546549621922,2021,0.0735921986888182,bvmilk
pasture_fp_kg_m2_by_country_year_Cow_Milk,Western Asia,IRQ,352,0.740941448739137,-7.979271983820152,0.15794805103313753,9.084413169243317e-15,0.09144546549621922,2021,0.0740997075820039,bvmilk
pasture_fp_kg_m2_by_country_year_Cow_Milk,Western Asia,ISR,352,0.740941448739137,-7.979271983820152,0.15794805103313753,9.084413169243317e-15,0.09144546549621922,2021,4.898370309233451,bvmilk
pasture_fp_kg_m2_by_country_year_Cow_Milk,Western Asia,JOR,352,0.740941448739137,-7.979271983820152,0.15794805103313753,9.084413169243317e-15,0.09144546549621922,2021,0.3638152319984598,bvmilk
pasture_fp_kg_m2_by_country_year_Cow_Milk,Western Asia,KWT,352,0.740941448739137,-7.979271983820152,0.15794805103313753,9.084413169243317e-15,0.09144546549621922,2021,0.947418497623231,bvmilk
pasture_fp_kg_m2_by_country_year_Cow_Milk,Western Asia,LBN,352,0.740941448739137,-7.979271983820152,0.15794805103313753,9.084413169243317e-15,0.09144546549621922,2021,0.5385529407142856,bvmilk
pasture_fp_kg_m2_by_country_year_Cow_Milk,Western Asia,OMN,352,0.740941448739137,-7.979271983820152,0.15794805103313753,9.084413169243317e-15,0.09144546549621922,2021,0.1327527611417022,bvmilk
pasture_fp_kg_m2_by_country_year_Cow_Milk,Western Asia,QAT,352,0.740941448739137,-7.979271983820152,0.15794805103313753,9.084413169243317e-15,0.09144546549621922,2021,0.5362697314285715,bvmilk
pasture_fp_kg_m2_by_country_year_Cow_Milk,Western Asia,SAU,352,0.740941448739137,-7.979271983820152,0.15794805103313753,9.084413169243317e-15,0.09144546549621922,2021,0.005160462908638,bvmilk
pasture_fp_kg_m2_by_country_year_Cow_Milk,Western Asia,TUR,352,0.740941448739137,-7.979271983820152,0.15794805103313753,9.084413169243317e-15,0.09144546549621922,2021,0.5845716367536822,bvmilk
pasture_fp_kg_m2_by_country_year_Cow_Milk,Western Asia,YEM,352,0.740941448739137,-7.979271983820152,0.15794805103313753,9.084413169243317e-15,0.09144546549621922,2021,0.029069316727872,bvmilk
pasture_fp_kg_m2_by_country_year_Cow_Milk,Western Europe,AUT,154,-0.41243458123474236,4.5702179516848105,0.08415973800707822,0.00026269356263700723,0.11035473109820304,2021,0.8576965635641761,bvmilk
pasture_fp_kg_m2_by_country_year_Cow_Milk,Western Europe,BEL,154,-0.41243458123474236,4.5702179516848105,0.08415973800707822,0.00026269356263700723,0.11035473109820304,2021,2.3315755495034045,bvmilk
pasture_fp_kg_m2_by_country_year_Cow_Milk,Western Europe,CHE,154,-0.41243458123474236,4.5702179516848105,0.08415973800707822,0.00026269356263700723,0.11035473109820304,2021,0.7590500877189637,bvmilk
pasture_fp_kg_m2_by_country_year_Cow_Milk,Western Europe,DEU,154,-0.41243458123474236,4.5702179516848105,0.08415973800707822,0.00026269356263700723,0.11035473109820304,2021,0.9303175955950228,bvmilk
pasture_fp_kg_m2_by_country_year_Cow_Milk,Western Europe,FRA,154,-0.41243458123474236,4.5702179516848105,0.08415973800707822,0.00026269356263700723,0.11035473109820304,2021,0.611126806691459,bvmilk
pasture_fp_kg_m2_by_country_year_Cow_Milk,Western Europe,LUX,154,-0.41243458123474236,4.5702179516848105,0.08415973800707822,0.00026269356263700723,0.11035473109820304,2021,1.006351494171325,bvmilk
pasture_fp_kg_m2_by_country_year_Cow_Milk,Western Europe,NLD,154,-0.41243458123474236,4.5702179516848105,0.08415973800707822,0.00026269356263700723,0.11035473109820304,2021,3.0595218802264803,bvmilk
pasture_fp_kg_m2_by_country_year_Goat_Meat,Australia and New Zealand,AUS,44,-6.932165258097882,68.62186500631607,0.693959011271336,2.3130302338428007e-12,0.7103414388562379,2021,0.0012943211721894,sgmeat
pasture_fp_kg_m2_by_country_year_Goat_Meat,Australia and New Zealand,NZL,44,-6.932165258097882,68.62186500631607,0.693959011271336,2.3130302338428007e-12,0.7103414388562379,2021,0.0285038824675834,sgmeat
pasture_fp_kg_m2_by_country_year_Goat_Meat,Central Asia,KAZ,66,-0.6657992173719038,-1.2407560129760107,0.7346106073274185,4.227196457345214e-20,0.05002262476783752,2021,0.0005960907157265,sgmeat
pasture_fp_kg_m2_by_country_year_Goat_Meat,Central Asia,KGZ,66,-0.6657992173719038,-1.2407560129760107,0.7346106073274185,4.227196457345214e-20,0.05002262476783752,2021,0.0040658642335857,sgmeat
pasture_fp_kg_m2_by_country_year_Goat_Meat,Central Asia,TKM,66,-0.6657992173719038,-1.2407560129760107,0.7346106073274185,4.227196457345214e-20,0.05002262476783752,2021,0.0014435029545663,sgmeat
pasture_fp_kg_m2_by_country_year_Goat_Meat,Eastern Asia,KOR,44,3.0441982358118613,-32.18768354670362,0.9536162723481899,1.2337964488201428e-29,0.10359630895228279,2021,0.4358293854543669,sgmeat
pasture_fp_kg_m2_by_country_year_Goat_Meat,Eastern Asia,MNG,44,3.0441982358118613,-32.18768354670362,0.9536162723481899,1.2337964488201428e-29,0.10359630895228279,2021,0.0004678609509638,sgmeat
pasture_fp_kg_m2_by_country_year_Goat_Meat,Eastern Europe,BGR,166,0.21092284352945742,-6.3630359617436945,0.041332136478493764,0.008612154958880208,0.07932167031442273,2021,0.0056138769816272,sgmeat
pasture_fp_kg_m2_by_country_year_Goat_Meat,Eastern Europe,CZE,166,0.21092284352945742,-6.3630359617436945,0.041332136478493764,0.008612154958880208,0.07932167031442273,2021,0.0268868599916951,sgmeat
pasture_fp_kg_m2_by_country_year_Goat_Meat,Eastern Europe,HUN,166,0.21092284352945742,-6.3630359617436945,0.041332136478493764,0.008612154958880208,0.07932167031442273,2021,0.0179772108607897,sgmeat
pasture_fp_kg_m2_by_country_year_Goat_Meat,Eastern Europe,MDA,166,0.21092284352945742,-6.3630359617436945,0.041332136478493764,0.008612154958880208,0.07932167031442273,2021,0.0052426823985525,sgmeat
pasture_fp_kg_m2_by_country_year_Goat_Meat,Eastern Europe,POL,166,0.21092284352945742,-6.3630359617436945,0.041332136478493764,0.008612154958880208,0.07932167031442273,2021,0.0537566630205764,sgmeat
pasture_fp_kg_m2_by_country_year_Goat_Meat,Eastern Europe,ROU,166,0.21092284352945742,-6.3630359617436945,0.041332136478493764,0.008612154958880208,0.07932167031442273,2021,0.0079625619741165,sgmeat
pasture_fp_kg_m2_by_country_year_Goat_Meat,Eastern Europe,RUS,166,0.21092284352945742,-6.3630359617436945,0.041332136478493764,0.008612154958880208,0.07932167031442273,2021,0.003350345766331,sgmeat
pasture_fp_kg_m2_by_country_year_Goat_Meat,Eastern Europe,SVK,166,0.21092284352945742,-6.3630359617436945,0.041332136478493764,0.008612154958880208,0.07932167031442273,2021,0.0111267895774647,sgmeat
pasture_fp_kg_m2_by_country_year_Goat_Meat,Eastern Europe,UKR,166,0.21092284352945742,-6.3630359617436945,0.041332136478493764,0.008612154958880208,0.07932167031442273,2021,0.0112073168179097,sgmeat
pasture_fp_kg_m2_by_country_year_Goat_Meat,Latin America and the Caribbean,ARG,604,0.37527188399197564,-8.074279461486764,0.07623525052108374,4.972165614371934e-12,0.05324153387279738,2021,0.0071405224463287,sgmeat
pasture_fp_kg_m2_by_country_year_Goat_Meat,Latin America and the Caribbean,ATG,604,0.37527188399197564,-8.074279461486764,0.07623525052108374,4.972165614371934e-12,0.05324153387279738,2021,0.0048299419368892,sgmeat
pasture_fp_kg_m2_by_country_year_Goat_Meat,Latin America and the Caribbean,BHS,604,0.37527188399197564,-8.074279461486764,0.07623525052108374,4.972165614371934e-12,0.05324153387279738,2021,0.005808218860488,sgmeat
pasture_fp_kg_m2_by_country_year_Goat_Meat,Latin America and the Caribbean,BLZ,604,0.37527188399197564,-8.074279461486764,0.07623525052108374,4.972165614371934e-12,0.05324153387279738,2021,0.0051842075900182,sgmeat
pasture_fp_kg_m2_by_country_year_Goat_Meat,Latin America and the Caribbean,BOL,604,0.37527188399197564,-8.074279461486764,0.07623525052108374,4.972165614371934e-12,0.05324153387279738,2021,0.0016333502280808,sgmeat
pasture_fp_kg_m2_by_country_year_Goat_Meat,Latin America and the Caribbean,BRA,604,0.37527188399197564,-8.074279461486764,0.07623525052108374,4.972165614371934e-12,0.05324153387279738,2021,0.0101651017752744,sgmeat
pasture_fp_kg_m2_by_country_year_Goat_Meat,Latin America and the Caribbean,BRB,604,0.37527188399197564,-8.074279461486764,0.07623525052108374,4.972165614371934e-12,0.05324153387279738,2021,0.0204473029645697,sgmeat
pasture_fp_kg_m2_by_country_year_Goat_Meat,Latin America and the Caribbean,CHL,604,0.37527188399197564,-8.074279461486764,0.07623525052108374,4.972165614371934e-12,0.05324153387279738,2021,0.0054322358252702,sgmeat
pasture_fp_kg_m2_by_country_year_Goat_Meat,Latin America and the Caribbean,COL,604,0.37527188399197564,-8.074279461486764,0.07623525052108374,4.972165614371934e-12,0.05324153387279738,2021,0.0042155784819466,sgmeat
pasture_fp_kg_m2_by_country_year_Goat_Meat,Latin America and the Caribbean,CRI,604,0.37527188399197564,-8.074279461486764,0.07623525052108374,4.972165614371934e-12,0.05324153387279738,2021,0.0183156082880735,sgmeat
pasture_fp_kg_m2_by_country_year_Goat_Meat,Latin America and the Caribbean,DOM,604,0.37527188399197564,-8.074279461486764,0.07623525052108374,4.972165614371934e-12,0.05324153387279738,2021,0.0117156714574316,sgmeat
pasture_fp_kg_m2_by_country_year_Goat_Meat,Latin America and the Caribbean,ECU,604,0.37527188399197564,-8.074279461486764,0.07623525052108374,4.972165614371934e-12,0.05324153387279738,2021,0.0158648026155033,sgmeat
pasture_fp_kg_m2_by_country_year_Goat_Meat,Latin America and the Caribbean,GRD,604,0.37527188399197564,-8.074279461486764,0.07623525052108374,4.972165614371934e-12,0.05324153387279738,2021,0.063181244196843,sgmeat
pasture_fp_kg_m2_by_country_year_Goat_Meat,Latin America and the Caribbean,GTM,604,0.37527188399197564,-8.074279461486764,0.07623525052108374,4.972165614371934e-12,0.05324153387279738,2021,0.0227418078257777,sgmeat
pasture_fp_kg_m2_by_country_year_Goat_Meat,Latin America and the Caribbean,GUY,604,0.37527188399197564,-8.074279461486764,0.07623525052108374,4.972165614371934e-12,0.05324153387279738,2021,0.0012853806502838,sgmeat
pasture_fp_kg_m2_by_country_year_Goat_Meat,Latin America and the Caribbean,HND,604,0.37527188399197564,-8.074279461486764,0.07623525052108374,4.972165614371934e-12,0.05324153387279738,2021,0.0069176411325119,sgmeat
pasture_fp_kg_m2_by_country_year_Goat_Meat,Latin America and the Caribbean,HTI,604,0.37527188399197564,-8.074279461486764,0.07623525052108374,4.972165614371934e-12,0.05324153387279738,2021,0.0137154257379585,sgmeat
pasture_fp_kg_m2_by_country_year_Goat_Meat,Latin America and the Caribbean,JAM,604,0.37527188399197564,-8.074279461486764,0.07623525052108374,4.972165614371934e-12,0.05324153387279738,2021,0.0049497691409792,sgmeat
pasture_fp_kg_m2_by_country_year_Goat_Meat,Latin America and the Caribbean,LCA,604,0.37527188399197564,-8.074279461486764,0.07623525052108374,4.972165614371934e-12,0.05324153387279738,2021,0.1353956416464891,sgmeat
pasture_fp_kg_m2_by_country_year_Goat_Meat,Latin America and the Caribbean,MEX,604,0.37527188399197564,-8.074279461486764,0.07623525052108374,4.972165614371934e-12,0.05324153387279738,2021,0.0056308882990272,sgmeat
pasture_fp_kg_m2_by_country_year_Goat_Meat,Latin America and the Caribbean,NIC,604,0.37527188399197564,-8.074279461486764,0.07623525052108374,4.972165614371934e-12,0.05324153387279738,2021,0.0105569710044552,sgmeat
pasture_fp_kg_m2_by_country_year_Goat_Meat,Latin America and the Caribbean,PAN,604,0.37527188399197564,-8.074279461486764,0.07623525052108374,4.972165614371934e-12,0.05324153387279738,2021,0.0096609501557744,sgmeat
pasture_fp_kg_m2_by_country_year_Goat_Meat,Latin America and the Caribbean,PER,604,0.37527188399197564,-8.074279461486764,0.07623525052108374,4.972165614371934e-12,0.05324153387279738,2021,0.0024636328396317,sgmeat
pasture_fp_kg_m2_by_country_year_Goat_Meat,Latin America and the Caribbean,PRY,604,0.37527188399197564,-8.074279461486764,0.07623525052108374,4.972165614371934e-12,0.05324153387279738,2021,0.0054132322607848,sgmeat
pasture_fp_kg_m2_by_country_year_Goat_Meat,Latin America and the Caribbean,SLV,604,0.37527188399197564,-8.074279461486764,0.07623525052108374,4.972165614371934e-12,0.05324153387279738,2021,0.0090007228347358,sgmeat
pasture_fp_kg_m2_by_country_year_Goat_Meat,Latin America and the Caribbean,SUR,604,0.37527188399197564,-8.074279461486764,0.07623525052108374,4.972165614371934e-12,0.05324153387279738,2021,0.0141929339079045,sgmeat
pasture_fp_kg_m2_by_country_year_Goat_Meat,Latin America and the Caribbean,TTO,604,0.37527188399197564,-8.074279461486764,0.07623525052108374,4.972165614371934e-12,0.05324153387279738,2021,0.022338209494854,sgmeat
pasture_fp_kg_m2_by_country_year_Goat_Meat,Latin America and the Caribbean,URY,604,0.37527188399197564,-8.074279461486764,0.07623525052108374,4.972165614371934e-12,0.05324153387279738,2021,0.0087607429292929,sgmeat
pasture_fp_kg_m2_by_country_year_Goat_Meat,Latin America and the Caribbean,VCT,604,0.37527188399197564,-8.074279461486764,0.07623525052108374,4.972165614371934e-12,0.05324153387279738,2021,0.0161656556552045,sgmeat
pasture_fp_kg_m2_by_country_year_Goat_Meat,Melanesia,FJI,66,0.033309913582870526,-5.700025169012822,0.0002386676840330566,0.9020148250342791,0.26948517420079265,2021,0.0038903070602451,sgmeat
pasture_fp_kg_m2_by_country_year_Goat_Meat,Melanesia,PNG,66,0.033309913582870526,-5.700025169012822,0.0002386676840330566,0.9020148250342791,0.26948517420079265,2021,0.002083077863384,sgmeat
pasture_fp_kg_m2_by_country_year_Goat_Meat,Melanesia,VUT,66,0.033309913582870526,-5.700025169012822,0.0002386676840330566,0.9020148250342791,0.26948517420079265,2021,0.0083534190568004,sgmeat
pasture_fp_kg_m2_by_country_year_Goat_Meat,Micronesia,FSM,22,0.02442553155000043,-4.547482205800032,0.0003842017209752578,0.9310065456760458,0.27859025988753144,2021,0.0133836610850497,sgmeat
pasture_fp_kg_m2_by_country_year_Goat_Meat,Northern Africa,DZA,109,-2.232251810994846,13.162029363913794,0.27187513552413506,6.123059882816498e-09,0.353158351301622,2021,0.0023207347562004,sgmeat
pasture_fp_kg_m2_by_country_year_Goat_Meat,Northern Africa,EGY,109,-2.232251810994846,13.162029363913794,0.27187513552413506,6.123059882816498e-09,0.353158351301622,2021,0.2778299399356965,sgmeat
pasture_fp_kg_m2_by_country_year_Goat_Meat,Northern Africa,LBY,109,-2.232251810994846,13.162029363913794,0.27187513552413506,6.123059882816498e-09,0.353158351301622,2021,0.0004485014700774,sgmeat
pasture_fp_kg_m2_by_country_year_Goat_Meat,Northern Africa,MAR,109,-2.232251810994846,13.162029363913794,0.27187513552413506,6.123059882816498e-09,0.353158351301622,2021,0.0037696667998978,sgmeat
pasture_fp_kg_m2_by_country_year_Goat_Meat,Northern Africa,TUN,109,-2.232251810994846,13.162029363913794,0.27187513552413506,6.123059882816498e-09,0.353158351301622,2021,0.0046641667171929,sgmeat
pasture_fp_kg_m2_by_country_year_Goat_Meat,Northern America,USA,20,-0.04793906196506099,-4.180438815756191,0.006758301166892569,0.7304247428686632,0.13698151992259044,2021,0.0095858973851186,sgmeat
pasture_fp_kg_m2_by_country_year_Goat_Meat,Northern Europe,DNK,115,0.4869239785791129,-8.956595889311119,0.2045002689027752,3.905000992114202e-07,0.09034310589774008,2021,0.0597334742006132,sgmeat
pasture_fp_kg_m2_by_country_year_Goat_Meat,Northern Europe,EST,115,0.4869239785791129,-8.956595889311119,0.2045002689027752,3.905000992114202e-07,0.09034310589774008,2021,0.0121896800289855,sgmeat
pasture_fp_kg_m2_by_country_year_Goat_Meat,Northern Europe,FIN,115,0.4869239785791129,-8.956595889311119,0.2045002689027752,3.905000992114202e-07,0.09034310589774008,2021,0.032271423819012,sgmeat
pasture_fp_kg_m2_by_country_year_Goat_Meat,Northern Europe,GBR,115,0.4869239785791129,-8.956595889311119,0.2045002689027752,3.905000992114202e-07,0.09034310589774008,2021,0.017642067491619,sgmeat
pasture_fp_kg_m2_by_country_year_Goat_Meat,Northern Europe,IRL,115,0.4869239785791129,-8.956595889311119,0.2045002689027752,3.905000992114202e-07,0.09034310589774008,2021,0.0382892790188679,sgmeat
pasture_fp_kg_m2_by_country_year_Goat_Meat,Northern Europe,ISL,115,0.4869239785791129,-8.956595889311119,0.2045002689027752,3.905000992114202e-07,0.09034310589774008,2021,0.0013693819471239,sgmeat
pasture_fp_kg_m2_by_country_year_Goat_Meat,Northern Europe,LTU,115,0.4869239785791129,-8.956595889311119,0.2045002689027752,3.905000992114202e-07,0.09034310589774008,2021,0.0172484195869111,sgmeat
pasture_fp_kg_m2_by_country_year_Goat_Meat,Northern Europe,LVA,115,0.4869239785791129,-8.956595889311119,0.2045002689027752,3.905000992114202e-07,0.09034310589774008,2021,0.0084261282715498,sgmeat
pasture_fp_kg_m2_by_country_year_Goat_Meat,Northern Europe,NOR,115,0.4869239785791129,-8.956595889311119,0.2045002689027752,3.905000992114202e-07,0.09034310589774008,2021,0.0373035968142493,sgmeat
pasture_fp_kg_m2_by_country_year_Goat_Meat,Northern Europe,SWE,115,0.4869239785791129,-8.956595889311119,0.2045002689027752,3.905000992114202e-07,0.09034310589774008,2021,0.0240797657766027,sgmeat
pasture_fp_kg_m2_by_country_year_Goat_Meat,Polynesia,TON,22,0.23925132544922634,-6.4275040368256855,0.03536477309214799,0.40198284482407,0.2794058375438281,2021,0.0121300508161379,sgmeat
pasture_fp_kg_m2_by_country_year_Goat_Meat,South-eastern Asia,IDN,176,-0.21547439225007325,-2.4548586056221247,0.01879724100987089,0.06960157645814552,0.11801939004603994,2021,0.0090878311338141,sgmeat
pasture_fp_kg_m2_by_country_year_Goat_Meat,South-eastern Asia,LAO,176,-0.21547439225007325,-2.4548586056221247,0.01879724100987089,0.06960157645814552,0.11801939004603994,2021,0.0157507248055145,sgmeat
pasture_fp_kg_m2_by_country_year_Goat_Meat,South-eastern Asia,MMR,176,-0.21547439225007325,-2.4548586056221247,0.01879724100987089,0.06960157645814552,0.11801939004603994,2021,0.0590491255833333,sgmeat
pasture_fp_kg_m2_by_country_year_Goat_Meat,South-eastern Asia,MYS,176,-0.21547439225007325,-2.4548586056221247,0.01879724100987089,0.06960157645814552,0.11801939004603994,2021,0.0176480692877049,sgmeat
pasture_fp_kg_m2_by_country_year_Goat_Meat,South-eastern Asia,PHL,176,-0.21547439225007325,-2.4548586056221247,0.01879724100987089,0.06960157645814552,0.11801939004603994,2021,0.0221463436685324,sgmeat
pasture_fp_kg_m2_by_country_year_Goat_Meat,South-eastern Asia,THA,176,-0.21547439225007325,-2.4548586056221247,0.01879724100987089,0.06960157645814552,0.11801939004603994,2021,0.009780527028759,sgmeat
pasture_fp_kg_m2_by_country_year_Goat_Meat,South-eastern Asia,TLS,176,-0.21547439225007325,-2.4548586056221247,0.01879724100987089,0.06960157645814552,0.11801939004603994,2021,0.0025066286675541,sgmeat
pasture_fp_kg_m2_by_country_year_Goat_Meat,South-eastern Asia,VNM,176,-0.21547439225007325,-2.4548586056221247,0.01879724100987089,0.06960157645814552,0.11801939004603994,2021,0.0940559185349478,sgmeat
pasture_fp_kg_m2_by_country_year_Goat_Meat,Southern Asia,BGD,155,-1.1336244965727749,4.215810511345834,0.2306205956297806,2.5603026113592103e-10,0.16739587048693008,2021,0.058217856354683,sgmeat
pasture_fp_kg_m2_by_country_year_Goat_Meat,Southern Asia,BTN,155,-1.1336244965727749,4.215810511345834,0.2306205956297806,2.5603026113592103e-10,0.16739587048693008,2021,0.0010823165192675,sgmeat
pasture_fp_kg_m2_by_country_year_Goat_Meat,Southern Asia,IND,155,-1.1336244965727749,4.215810511345834,0.2306205956297806,2.5603026113592103e-10,0.16739587048693008,2021,0.1018361887001283,sgmeat
pasture_fp_kg_m2_by_country_year_Goat_Meat,Southern Asia,IRN,155,-1.1336244965727749,4.215810511345834,0.2306205956297806,2.5603026113592103e-10,0.16739587048693008,2021,0.0042182649394443,sgmeat
pasture_fp_kg_m2_by_country_year_Goat_Meat,Southern Asia,LKA,155,-1.1336244965727749,4.215810511345834,0.2306205956297806,2.5603026113592103e-10,0.16739587048693008,2021,0.016043443036665,sgmeat
pasture_fp_kg_m2_by_country_year_Goat_Meat,Southern Asia,MDV,155,-1.1336244965727749,4.215810511345834,0.2306205956297806,2.5603026113592103e-10,0.16739587048693008,2021,0.0004786935800392,sgmeat
pasture_fp_kg_m2_by_country_year_Goat_Meat,Southern Asia,NPL,155,-1.1336244965727749,4.215810511345834,0.2306205956297806,2.5603026113592103e-10,0.16739587048693008,2021,0.0278861571769549,sgmeat
pasture_fp_kg_m2_by_country_year_Goat_Meat,Southern Asia,PAK,155,-1.1336244965727749,4.215810511345834,0.2306205956297806,2.5603026113592103e-10,0.16739587048693008,2021,0.14429666242,sgmeat
pasture_fp_kg_m2_by_country_year_Goat_Meat,Southern Europe,ALB,191,0.1184934961368335,-5.194511571694376,0.021451873486633154,0.043196006867149625,0.05821328303965045,2021,0.018044137920718,sgmeat
pasture_fp_kg_m2_by_country_year_Goat_Meat,Southern Europe,ESP,191,0.1184934961368335,-5.194511571694376,0.021451873486633154,0.043196006867149625,0.05821328303965045,2021,0.0160333113838767,sgmeat
pasture_fp_kg_m2_by_country_year_Goat_Meat,Southern Europe,GRC,191,0.1184934961368335,-5.194511571694376,0.021451873486633154,0.043196006867149625,0.05821328303965045,2021,0.0076148246539938,sgmeat
pasture_fp_kg_m2_by_country_year_Goat_Meat,Southern Europe,HRV,191,0.1184934961368335,-5.194511571694376,0.021451873486633154,0.043196006867149625,0.05821328303965045,2021,0.0175969993800978,sgmeat
pasture_fp_kg_m2_by_country_year_Goat_Meat,Southern Europe,ITA,191,0.1184934961368335,-5.194511571694376,0.021451873486633154,0.043196006867149625,0.05821328303965045,2021,0.0352175783392884,sgmeat
pasture_fp_kg_m2_by_country_year_Goat_Meat,Southern Europe,MKD,191,0.1184934961368335,-5.194511571694376,0.021451873486633154,0.043196006867149625,0.05821328303965045,2021,0.0034288567248545,sgmeat
pasture_fp_kg_m2_by_country_year_Goat_Meat,Southern Europe,MNE,191,0.1184934961368335,-5.194511571694376,0.021451873486633154,0.043196006867149625,0.05821328303965045,2021,0.0061068534432989,sgmeat
pasture_fp_kg_m2_by_country_year_Goat_Meat,Southern Europe,PRT,191,0.1184934961368335,-5.194511571694376,0.021451873486633154,0.043196006867149625,0.05821328303965045,2021,0.0127764097109316,sgmeat
pasture_fp_kg_m2_by_country_year_Goat_Meat,Southern Europe,SRB,191,0.1184934961368335,-5.194511571694376,0.021451873486633154,0.043196006867149625,0.05821328303965045,2021,0.0328107459659659,sgmeat
pasture_fp_kg_m2_by_country_year_Goat_Meat,Southern Europe,SVN,191,0.1184934961368335,-5.194511571694376,0.021451873486633154,0.043196006867149625,0.05821328303965045,2021,0.0235340096903096,sgmeat
pasture_fp_kg_m2_by_country_year_Goat_Meat,Sub-Saharan Africa,AGO,770,0.05827113508047745,-6.8996508030550805,0.0010408509985895182,0.37131190015709614,0.06514070442526497,2021,0.0005019997394208,sgmeat
pasture_fp_kg_m2_by_country_year_Goat_Meat,Sub-Saharan Africa,BFA,770,0.05827113508047745,-6.8996508030550805,0.0010408509985895182,0.37131190015709614,0.06514070442526497,2021,0.0041323566787315,sgmeat
pasture_fp_kg_m2_by_country_year_Goat_Meat,Sub-Saharan Africa,BWA,770,0.05827113508047745,-6.8996508030550805,0.0010408509985895182,0.37131190015709614,0.06514070442526497,2021,0.0004502054684895,sgmeat
pasture_fp_kg_m2_by_country_year_Goat_Meat,Sub-Saharan Africa,CMR,770,0.05827113508047745,-6.8996508030550805,0.0010408509985895182,0.37131190015709614,0.06514070442526497,2021,0.009154826568384,sgmeat
pasture_fp_kg_m2_by_country_year_Goat_Meat,Sub-Saharan Africa,COD,770,0.05827113508047745,-6.8996508030550805,0.0010408509985895182,0.37131190015709614,0.06514070442526497,2021,0.0002899088524127,sgmeat
pasture_fp_kg_m2_by_country_year_Goat_Meat,Sub-Saharan Africa,COG,770,0.05827113508047745,-6.8996508030550805,0.0010408509985895182,0.37131190015709614,0.06514070442526497,2021,0.0001083564437368,sgmeat
pasture_fp_kg_m2_by_country_year_Goat_Meat,Sub-Saharan Africa,COM,770,0.05827113508047745,-6.8996508030550805,0.0010408509985895182,0.37131190015709614,0.06514070442526497,2021,0.0141502683929435,sgmeat
pasture_fp_kg_m2_by_country_year_Goat_Meat,Sub-Saharan Africa,CPV,770,0.05827113508047745,-6.8996508030550805,0.0010408509985895182,0.37131190015709614,0.06514070442526497,2021,0.0068643350967239,sgmeat
pasture_fp_kg_m2_by_country_year_Goat_Meat,Sub-Saharan Africa,DJI,770,0.05827113508047745,-6.8996508030550805,0.0010408509985895182,0.37131190015709614,0.06514070442526497,2021,0.0009162392266638,sgmeat
pasture_fp_kg_m2_by_country_year_Goat_Meat,Sub-Saharan Africa,GAB,770,0.05827113508047745,-6.8996508030550805,0.0010408509985895182,0.37131190015709614,0.06514070442526497,2021,0.0001869423345454,sgmeat
pasture_fp_kg_m2_by_country_year_Goat_Meat,Sub-Saharan Africa,GHA,770,0.05827113508047745,-6.8996508030550805,0.0010408509985895182,0.37131190015709614,0.06514070442526497,2021,0.0019388160008583,sgmeat
pasture_fp_kg_m2_by_country_year_Goat_Meat,Sub-Saharan Africa,GIN,770,0.05827113508047745,-6.8996508030550805,0.0010408509985895182,0.37131190015709614,0.06514070442526497,2021,0.0013962448965732,sgmeat
pasture_fp_kg_m2_by_country_year_Goat_Meat,Sub-Saharan Africa,GMB,770,0.05827113508047745,-6.8996508030550805,0.0010408509985895182,0.37131190015709614,0.06514070442526497,2021,0.0033929662828268,sgmeat
pasture_fp_kg_m2_by_country_year_Goat_Meat,Sub-Saharan Africa,GNB,770,0.05827113508047745,-6.8996508030550805,0.0010408509985895182,0.37131190015709614,0.06514070442526497,2021,0.0069719024002976,sgmeat
pasture_fp_kg_m2_by_country_year_Goat_Meat,Sub-Saharan Africa,KEN,770,0.05827113508047745,-6.8996508030550805,0.0010408509985895182,0.37131190015709614,0.06514070442526497,2021,0.0034609555429279,sgmeat
pasture_fp_kg_m2_by_country_year_Goat_Meat,Sub-Saharan Africa,LBR,770,0.05827113508047745,-6.8996508030550805,0.0010408509985895182,0.37131190015709614,0.06514070442526497,2021,0.0003352724930363,sgmeat
pasture_fp_kg_m2_by_country_year_Goat_Meat,Sub-Saharan Africa,LSO,770,0.05827113508047745,-6.8996508030550805,0.0010408509985895182,0.37131190015709614,0.06514070442526497,2021,0.0005177867225158,sgmeat
pasture_fp_kg_m2_by_country_year_Goat_Meat,Sub-Saharan Africa,MDG,770,0.05827113508047745,-6.8996508030550805,0.0010408509985895182,0.37131190015709614,0.06514070442526497,2021,0.0001848659934956,sgmeat
pasture_fp_kg_m2_by_country_year_Goat_Meat,Sub-Saharan Africa,MOZ,770,0.05827113508047745,-6.8996508030550805,0.0010408509985895182,0.37131190015709614,0.06514070442526497,2021,9.092059885378556e-05,sgmeat
pasture_fp_kg_m2_by_country_year_Goat_Meat,Sub-Saharan Africa,MRT,770,0.05827113508047745,-6.8996508030550805,0.0010408509985895182,0.37131190015709614,0.06514070442526497,2021,0.0003129574512134,sgmeat
pasture_fp_kg_m2_by_country_year_Goat_Meat,Sub-Saharan Africa,MUS,770,0.05827113508047745,-6.8996508030550805,0.0010408509985895182,0.37131190015709614,0.06514070442526497,2021,0.0210534538010003,sgmeat
pasture_fp_kg_m2_by_country_year_Goat_Meat,Sub-Saharan Africa,MWI,770,0.05827113508047745,-6.8996508030550805,0.0010408509985895182,0.37131190015709614,0.06514070442526497,2021,0.0075083971243915,sgmeat
pasture_fp_kg_m2_by_country_year_Goat_Meat,Sub-Saharan Africa,NAM,770,0.05827113508047745,-6.8996508030550805,0.0010408509985895182,0.37131190015709614,0.06514070442526497,2021,0.000146895176953,sgmeat
pasture_fp_kg_m2_by_country_year_Goat_Meat,Sub-Saharan Africa,NER,770,0.05827113508047745,-6.8996508030550805,0.0010408509985895182,0.37131190015709614,0.06514070442526497,2021,0.0006720926380304,sgmeat
pasture_fp_kg_m2_by_country_year_Goat_Meat,Sub-Saharan Africa,NGA,770,0.05827113508047745,-6.8996508030550805,0.0010408509985895182,0.37131190015709614,0.06514070442526497,2021,0.0033921115417352,sgmeat
pasture_fp_kg_m2_by_country_year_Goat_Meat,Sub-Saharan Africa,RWA,770,0.05827113508047745,-6.8996508030550805,0.0010408509985895182,0.37131190015709614,0.06514070442526497,2021,0.0228540055378814,sgmeat
pasture_fp_kg_m2_by_country_year_Goat_Meat,Sub-Saharan Africa,SEN,770,0.05827113508047745,-6.8996508030550805,0.0010408509985895182,0.37131190015709614,0.06514070442526497,2021,0.0040220999083333,sgmeat
pasture_fp_kg_m2_by_country_year_Goat_Meat,Sub-Saharan Africa,SLE,770,0.05827113508047745,-6.8996508030550805,0.0010408509985895182,0.37131190015709614,0.06514070442526497,2021,0.0012813622496468,sgmeat
pasture_fp_kg_m2_by_country_year_Goat_Meat,Sub-Saharan Africa,STP,770,0.05827113508047745,-6.8996508030550805,0.0010408509985895182,0.37131190015709614,0.06514070442526497,2021,0.0408454800491525,sgmeat
pasture_fp_kg_m2_by_country_year_Goat_Meat,Sub-Saharan Africa,SWZ,770,0.05827113508047745,-6.8996508030550805,0.0010408509985895182,0.37131190015709614,0.06514070442526497,2021,0.0030160190498771,sgmeat
pasture_fp_kg_m2_by_country_year_Goat_Meat,Sub-Saharan Africa,TZA,770,0.05827113508047745,-6.8996508030550805,0.0010408509985895182,0.37131190015709614,0.06514070442526497,2021,0.0044041747613975,sgmeat
pasture_fp_kg_m2_by_country_year_Goat_Meat,Sub-Saharan Africa,UGA,770,0.05827113508047745,-6.8996508030550805,0.0010408509985895182,0.37131190015709614,0.06514070442526497,2021,0.0091304987822599,sgmeat
pasture_fp_kg_m2_by_country_year_Goat_Meat,Sub-Saharan Africa,ZAF,770,0.05827113508047745,-6.8996508030550805,0.0010408509985895182,0.37131190015709614,0.06514070442526497,2021,0.0025090056538124,sgmeat
pasture_fp_kg_m2_by_country_year_Goat_Meat,Sub-Saharan Africa,ZMB,770,0.05827113508047745,-6.8996508030550805,0.0010408509985895182,0.37131190015709614,0.06514070442526497,2021,0.0017066542159438,sgmeat
pasture_fp_kg_m2_by_country_year_Goat_Meat,Sub-Saharan Africa,ZWE,770,0.05827113508047745,-6.8996508030550805,0.0010408509985895182,0.37131190015709614,0.06514070442526497,2021,0.0092009036842174,sgmeat
pasture_fp_kg_m2_by_country_year_Goat_Meat,Western Asia,ARE,316,0.7712354303680424,-11.354125973006072,0.15005850534277632,9.367249646573887e-13,0.10358249236918472,2021,0.0333729422222222,sgmeat
pasture_fp_kg_m2_by_country_year_Goat_Meat,Western Asia,ARM,316,0.7712354303680424,-11.354125973006072,0.15005850534277632,9.367249646573887e-13,0.10358249236918472,2021,0.0134674941792616,sgmeat
pasture_fp_kg_m2_by_country_year_Goat_Meat,Western Asia,AZE,316,0.7712354303680424,-11.354125973006072,0.15005850534277632,9.367249646573887e-13,0.10358249236918472,2021,0.0171369902616159,sgmeat
pasture_fp_kg_m2_by_country_year_Goat_Meat,Western Asia,BHR,316,0.7712354303680424,-11.354125973006072,0.15005850534277632,9.367249646573887e-13,0.10358249236918472,2021,0.705977638333333,sgmeat
pasture_fp_kg_m2_by_country_year_Goat_Meat,Western Asia,CYP,316,0.7712354303680424,-11.354125973006072,0.15005850534277632,9.367249646573887e-13,0.10358249236918472,2021,1.1264930830878166,sgmeat
pasture_fp_kg_m2_by_country_year_Goat_Meat,Western Asia,GEO,316,0.7712354303680424,-11.354125973006072,0.15005850534277632,9.367249646573887e-13,0.10358249236918472,2021,0.0034343026054781,sgmeat
pasture_fp_kg_m2_by_country_year_Goat_Meat,Western Asia,IRQ,316,0.7712354303680424,-11.354125973006072,0.15005850534277632,9.367249646573887e-13,0.10358249236918472,2021,0.0034579863538268,sgmeat
pasture_fp_kg_m2_by_country_year_Goat_Meat,Western Asia,ISR,316,0.7712354303680424,-11.354125973006072,0.15005850534277632,9.367249646573887e-13,0.10358249236918472,2021,0.2285906144308943,sgmeat
pasture_fp_kg_m2_by_country_year_Goat_Meat,Western Asia,JOR,316,0.7712354303680424,-11.354125973006072,0.15005850534277632,9.367249646573887e-13,0.10358249236918472,2021,0.0169780441599281,sgmeat
pasture_fp_kg_m2_by_country_year_Goat_Meat,Western Asia,KWT,316,0.7712354303680424,-11.354125973006072,0.15005850534277632,9.367249646573887e-13,0.10358249236918472,2021,0.0442128632224174,sgmeat
pasture_fp_kg_m2_by_country_year_Goat_Meat,Western Asia,LBN,316,0.7712354303680424,-11.354125973006072,0.15005850534277632,9.367249646573887e-13,0.10358249236918472,2021,0.0251324705666666,sgmeat
pasture_fp_kg_m2_by_country_year_Goat_Meat,Western Asia,OMN,316,0.7712354303680424,-11.354125973006072,0.15005850534277632,9.367249646573887e-13,0.10358249236918472,2021,0.0061951288532794,sgmeat
pasture_fp_kg_m2_by_country_year_Goat_Meat,Western Asia,QAT,316,0.7712354303680424,-11.354125973006072,0.15005850534277632,9.367249646573887e-13,0.10358249236918472,2021,0.0250259208,sgmeat
pasture_fp_kg_m2_by_country_year_Goat_Meat,Western Asia,SAU,316,0.7712354303680424,-11.354125973006072,0.15005850534277632,9.367249646573887e-13,0.10358249236918472,2021,0.0002408216024031,sgmeat
pasture_fp_kg_m2_by_country_year_Goat_Meat,Western Asia,TUR,316,0.7712354303680424,-11.354125973006072,0.15005850534277632,9.367249646573887e-13,0.10358249236918472,2021,0.0272800097151718,sgmeat
pasture_fp_kg_m2_by_country_year_Goat_Meat,Western Asia,YEM,316,0.7712354303680424,-11.354125973006072,0.15005850534277632,9.367249646573887e-13,0.10358249236918472,2021,0.0013565681139673,sgmeat
pasture_fp_kg_m2_by_country_year_Goat_Meat,Western Europe,AUT,147,-0.44324907611224085,1.8349892624965531,0.08450287917979514,0.00035448485001638114,0.12115924994526381,2021,0.0400258396329948,sgmeat
pasture_fp_kg_m2_by_country_year_Goat_Meat,Western Europe,BEL,147,-0.44324907611224085,1.8349892624965531,0.08450287917979514,0.00035448485001638114,0.12115924994526381,2021,0.1088068589768255,sgmeat
pasture_fp_kg_m2_by_country_year_Goat_Meat,Western Europe,CHE,147,-0.44324907611224085,1.8349892624965531,0.08450287917979514,0.00035448485001638114,0.12115924994526381,2021,0.0354223374268849,sgmeat
pasture_fp_kg_m2_by_country_year_Goat_Meat,Western Europe,DEU,147,-0.44324907611224085,1.8349892624965531,0.08450287917979514,0.00035448485001638114,0.12115924994526381,2021,0.0434148211277677,sgmeat
pasture_fp_kg_m2_by_country_year_Goat_Meat,Western Europe,FRA,147,-0.44324907611224085,1.8349892624965531,0.08450287917979514,0.00035448485001638114,0.12115924994526381,2021,0.0285192509789347,sgmeat
pasture_fp_kg_m2_by_country_year_Goat_Meat,Western Europe,LUX,147,-0.44324907611224085,1.8349892624965531,0.08450287917979514,0.00035448485001638114,0.12115924994526381,2021,0.0430351888444746,sgmeat
pasture_fp_kg_m2_by_country_year_Goat_Meat,Western Europe,NLD,147,-0.44324907611224085,1.8349892624965531,0.08450287917979514,0.00035448485001638114,0.12115924994526381,2021,0.1427776877439024,sgmeat
pasture_fp_kg_m2_by_country_year_Horse_Meat,Australia and New Zealand,AUS,42,-6.898832221602709,68.19397363771517,0.7326596360521682,5.050531830463017e-13,0.6589109456269518,2021,0.0012943211721894,sgmeat
pasture_fp_kg_m2_by_country_year_Horse_Meat,Australia and New Zealand,NZL,42,-6.898832221602709,68.19397363771517,0.7326596360521682,5.050531830463017e-13,0.6589109456269518,2021,0.028022603672251,sgmeat
pasture_fp_kg_m2_by_country_year_Horse_Meat,Central Asia,KAZ,66,-0.7775167158867092,0.03642542436843854,0.44747599739447647,8.302691075502845e-10,0.10799669125528075,2021,0.0005960907157265,sgmeat
pasture_fp_kg_m2_by_country_year_Horse_Meat,Central Asia,KGZ,66,-0.7775167158867092,0.03642542436843854,0.44747599739447647,8.302691075502845e-10,0.10799669125528075,2021,0.0040658642335857,sgmeat
pasture_fp_kg_m2_by_country_year_Horse_Meat,Central Asia,UZB,66,-0.7775167158867092,0.03642542436843854,0.44747599739447647,8.302691075502845e-10,0.10799669125528075,2021,0.0113513909063019,sgmeat
pasture_fp_kg_m2_by_country_year_Horse_Meat,Eastern Asia,KOR,23,2.424190415181462,-27.348577237921987,0.7792078555745159,2.4914661063270297e-08,0.28159324340899017,2021,0.4522379347439916,sgmeat
pasture_fp_kg_m2_by_country_year_Horse_Meat,Eastern Asia,MNG,23,2.424190415181462,-27.348577237921987,0.7792078555745159,2.4914661063270297e-08,0.28159324340899017,2021,0.0004678609509638,sgmeat
pasture_fp_kg_m2_by_country_year_Horse_Meat,Eastern Europe,BGR,189,0.13656357366117772,-5.486096529209679,0.02311339162951605,0.03676458448477074,0.06492385645894846,2021,0.0056138769816272,sgmeat
pasture_fp_kg_m2_by_country_year_Horse_Meat,Eastern Europe,BLR,189,0.13656357366117772,-5.486096529209679,0.02311339162951605,0.03676458448477074,0.06492385645894846,2021,0.0257428945513336,sgmeat
pasture_fp_kg_m2_by_country_year_Horse_Meat,Eastern Europe,CZE,189,0.13656357366117772,-5.486096529209679,0.02311339162951605,0.03676458448477074,0.06492385645894846,2021,0.0267582534732544,sgmeat
pasture_fp_kg_m2_by_country_year_Horse_Meat,Eastern Europe,HUN,189,0.13656357366117772,-5.486096529209679,0.02311339162951605,0.03676458448477074,0.06492385645894846,2021,0.0166949670383275,sgmeat
pasture_fp_kg_m2_by_country_year_Horse_Meat,Eastern Europe,MDA,189,0.13656357366117772,-5.486096529209679,0.02311339162951605,0.03676458448477074,0.06492385645894846,2021,0.0047694607628004,sgmeat
pasture_fp_kg_m2_by_country_year_Horse_Meat,Eastern Europe,POL,189,0.13656357366117772,-5.486096529209679,0.02311339162951605,0.03676458448477074,0.06492385645894846,2021,0.0537566630205764,sgmeat
pasture_fp_kg_m2_by_country_year_Horse_Meat,Eastern Europe,ROU,189,0.13656357366117772,-5.486096529209679,0.02311339162951605,0.03676458448477074,0.06492385645894846,2021,0.0079625619741165,sgmeat
pasture_fp_kg_m2_by_country_year_Horse_Meat,Eastern Europe,RUS,189,0.13656357366117772,-5.486096529209679,0.02311339162951605,0.03676458448477074,0.06492385645894846,2021,0.003350345766331,sgmeat
pasture_fp_kg_m2_by_country_year_Horse_Meat,Eastern Europe,SVK,189,0.13656357366117772,-5.486096529209679,0.02311339162951605,0.03676458448477074,0.06492385645894846,2021,0.0109263011554015,sgmeat
pasture_fp_kg_m2_by_country_year_Horse_Meat,Eastern Europe,UKR,189,0.13656357366117772,-5.486096529209679,0.02311339162951605,0.03676458448477074,0.06492385645894846,2021,0.0112073168179097,sgmeat
pasture_fp_kg_m2_by_country_year_Horse_Meat,Latin America and the Caribbean,ARG,284,-0.1412663640964529,-3.9004377304456517,0.04412668999909331,0.0003648409837852668,0.03915287926359689,2021,0.0071405224463287,sgmeat
pasture_fp_kg_m2_by_country_year_Horse_Meat,Latin America and the Caribbean,ATG,284,-0.1412663640964529,-3.9004377304456517,0.04412668999909331,0.0003648409837852668,0.03915287926359689,2021,0.0099100293797443,sgmeat
pasture_fp_kg_m2_by_country_year_Horse_Meat,Latin America and the Caribbean,BOL,284,-0.1412663640964529,-3.9004377304456517,0.04412668999909331,0.0003648409837852668,0.03915287926359689,2021,0.0011414078810101,sgmeat
pasture_fp_kg_m2_by_country_year_Horse_Meat,Latin America and the Caribbean,BRA,284,-0.1412663640964529,-3.9004377304456517,0.04412668999909331,0.0003648409837852668,0.03915287926359689,2021,0.0101651017752743,sgmeat
pasture_fp_kg_m2_by_country_year_Horse_Meat,Latin America and the Caribbean,CHL,284,-0.1412663640964529,-3.9004377304456517,0.04412668999909331,0.0003648409837852668,0.03915287926359689,2021,0.0054322358252702,sgmeat
pasture_fp_kg_m2_by_country_year_Horse_Meat,Latin America and the Caribbean,COL,284,-0.1412663640964529,-3.9004377304456517,0.04412668999909331,0.0003648409837852668,0.03915287926359689,2021,0.0042155784819466,sgmeat
pasture_fp_kg_m2_by_country_year_Horse_Meat,Latin America and the Caribbean,CRI,284,-0.1412663640964529,-3.9004377304456517,0.04412668999909331,0.0003648409837852668,0.03915287926359689,2021,0.012069718841234,sgmeat
pasture_fp_kg_m2_by_country_year_Horse_Meat,Latin America and the Caribbean,ECU,284,-0.1412663640964529,-3.9004377304456517,0.04412668999909331,0.0003648409837852668,0.03915287926359689,2021,0.0087629852079072,sgmeat
pasture_fp_kg_m2_by_country_year_Horse_Meat,Latin America and the Caribbean,GTM,284,-0.1412663640964529,-3.9004377304456517,0.04412668999909331,0.0003648409837852668,0.03915287926359689,2021,0.0227418078257777,sgmeat
pasture_fp_kg_m2_by_country_year_Horse_Meat,Latin America and the Caribbean,HND,284,-0.1412663640964529,-3.9004377304456517,0.04412668999909331,0.0003648409837852668,0.03915287926359689,2021,0.0069176411325119,sgmeat
pasture_fp_kg_m2_by_country_year_Horse_Meat,Latin America and the Caribbean,HTI,284,-0.1412663640964529,-3.9004377304456517,0.04412668999909331,0.0003648409837852668,0.03915287926359689,2021,0.0137154257379585,sgmeat
pasture_fp_kg_m2_by_country_year_Horse_Meat,Latin America and the Caribbean,JAM,284,-0.1412663640964529,-3.9004377304456517,0.04412668999909331,0.0003648409837852668,0.03915287926359689,2021,0.0049497691409792,sgmeat
pasture_fp_kg_m2_by_country_year_Horse_Meat,Latin America and the Caribbean,MEX,284,-0.1412663640964529,-3.9004377304456517,0.04412668999909331,0.0003648409837852668,0.03915287926359689,2021,0.0056308882990272,sgmeat
pasture_fp_kg_m2_by_country_year_Horse_Meat,Latin America and the Caribbean,NIC,284,-0.1412663640964529,-3.9004377304456517,0.04412668999909331,0.0003648409837852668,0.03915287926359689,2021,0.0105569710044552,sgmeat
pasture_fp_kg_m2_by_country_year_Horse_Meat,Latin America and the Caribbean,PER,284,-0.1412663640964529,-3.9004377304456517,0.04412668999909331,0.0003648409837852668,0.03915287926359689,2021,0.0024636328396317,sgmeat
pasture_fp_kg_m2_by_country_year_Horse_Meat,Latin America and the Caribbean,PRY,284,-0.1412663640964529,-3.9004377304456517,0.04412668999909331,0.0003648409837852668,0.03915287926359689,2021,0.0054132322607848,sgmeat
pasture_fp_kg_m2_by_country_year_Horse_Meat,Latin America and the Caribbean,TTO,284,-0.1412663640964529,-3.9004377304456517,0.04412668999909331,0.0003648409837852668,0.03915287926359689,2021,0.0202869520949286,sgmeat
pasture_fp_kg_m2_by_country_year_Horse_Meat,Latin America and the Caribbean,URY,284,-0.1412663640964529,-3.9004377304456517,0.04412668999909331,0.0003648409837852668,0.03915287926359689,2021,0.0087857959526847,sgmeat
pasture_fp_kg_m2_by_country_year_Horse_Meat,Melanesia,PNG,44,4.06474184639174,-37.036024250453366,0.5875891332138713,1.3135388494868588e-09,0.525456169730039,2021,0.002083077863384,sgmeat
pasture_fp_kg_m2_by_country_year_Horse_Meat,Melanesia,VUT,44,4.06474184639174,-37.036024250453366,0.5875891332138713,1.3135388494868588e-09,0.525456169730039,2021,0.0083534190568004,sgmeat
pasture_fp_kg_m2_by_country_year_Horse_Meat,Northern Africa,DZA,67,0.15155611463364932,-7.043892104644296,0.0026915378659586402,0.6767180799850261,0.36185226016563454,2021,0.0023207347562004,sgmeat
pasture_fp_kg_m2_by_country_year_Horse_Meat,Northern Africa,EGY,67,0.15155611463364932,-7.043892104644296,0.0026915378659586402,0.6767180799850261,0.36185226016563454,2021,0.3495835554867495,sgmeat
pasture_fp_kg_m2_by_country_year_Horse_Meat,Northern Africa,MAR,67,0.15155611463364932,-7.043892104644296,0.0026915378659586402,0.6767180799850261,0.36185226016563454,2021,0.0037696667998978,sgmeat
pasture_fp_kg_m2_by_country_year_Horse_Meat,Northern Africa,TUN,67,0.15155611463364932,-7.043892104644296,0.0026915378659586402,0.6767180799850261,0.36185226016563454,2021,0.0046641667171929,sgmeat
pasture_fp_kg_m2_by_country_year_Horse_Meat,Northern America,CAN,35,-0.19189414752215592,-2.6275515190618446,0.05028976344888964,0.19528949634883813,0.14516453351492953,2021,0.0117688191741949,sgmeat
pasture_fp_kg_m2_by_country_year_Horse_Meat,Northern America,USA,35,-0.19189414752215592,-2.6275515190618446,0.05028976344888964,0.19528949634883813,0.14516453351492953,2021,0.0082926620510417,sgmeat
pasture_fp_kg_m2_by_country_year_Horse_Meat,Northern Europe,DNK,201,0.46630201995493437,-8.903218314537456,0.07158514094410917,0.0001231268982718279,0.11904203917527684,2021,0.0648078652636405,sgmeat
pasture_fp_kg_m2_by_country_year_Horse_Meat,Northern Europe,EST,201,0.46630201995493437,-8.903218314537456,0.07158514094410917,0.0001231268982718279,0.11904203917527684,2021,0.0114903078954802,sgmeat
pasture_fp_kg_m2_by_country_year_Horse_Meat,Northern Europe,FIN,201,0.46630201995493437,-8.903218314537456,0.07158514094410917,0.0001231268982718279,0.11904203917527684,2021,0.0309260332519332,sgmeat
pasture_fp_kg_m2_by_country_year_Horse_Meat,Northern Europe,GBR,201,0.46630201995493437,-8.903218314537456,0.07158514094410917,0.0001231268982718279,0.11904203917527684,2021,0.0205288804242973,sgmeat
pasture_fp_kg_m2_by_country_year_Horse_Meat,Northern Europe,IRL,201,0.46630201995493437,-8.903218314537456,0.07158514094410917,0.0001231268982718279,0.11904203917527684,2021,0.0382892790188679,sgmeat
pasture_fp_kg_m2_by_country_year_Horse_Meat,Northern Europe,ISL,201,0.46630201995493437,-8.903218314537456,0.07158514094410917,0.0001231268982718279,0.11904203917527684,2021,0.0013744634083601,sgmeat
pasture_fp_kg_m2_by_country_year_Horse_Meat,Northern Europe,LTU,201,0.46630201995493437,-8.903218314537456,0.07158514094410917,0.0001231268982718279,0.11904203917527684,2021,0.0172484195869111,sgmeat
pasture_fp_kg_m2_by_country_year_Horse_Meat,Northern Europe,LVA,201,0.46630201995493437,-8.903218314537456,0.07158514094410917,0.0001231268982718279,0.11904203917527684,2021,0.007938813995211,sgmeat
pasture_fp_kg_m2_by_country_year_Horse_Meat,Northern Europe,NOR,201,0.46630201995493437,-8.903218314537456,0.07158514094410917,0.0001231268982718279,0.11904203917527684,2021,0.0373035968142493,sgmeat
pasture_fp_kg_m2_by_country_year_Horse_Meat,Northern Europe,SWE,201,0.46630201995493437,-8.903218314537456,0.07158514094410917,0.0001231268982718279,0.11904203917527684,2021,0.0240797657766027,sgmeat
pasture_fp_kg_m2_by_country_year_Horse_Meat,South-eastern Asia,IDN,92,-0.19875328666170447,-2.294390572618657,0.027409403632670113,0.11475683504853068,0.12479819506211494,2021,0.0090878311338141,sgmeat
pasture_fp_kg_m2_by_country_year_Horse_Meat,South-eastern Asia,MYS,92,-0.19875328666170447,-2.294390572618657,0.027409403632670113,0.11475683504853068,0.12479819506211494,2021,0.0176480692877049,sgmeat
pasture_fp_kg_m2_by_country_year_Horse_Meat,South-eastern Asia,PHL,92,-0.19875328666170447,-2.294390572618657,0.027409403632670113,0.11475683504853068,0.12479819506211494,2021,0.0221463436685324,sgmeat
pasture_fp_kg_m2_by_country_year_Horse_Meat,South-eastern Asia,THA,92,-0.19875328666170447,-2.294390572618657,0.027409403632670113,0.11475683504853068,0.12479819506211494,2021,0.0070712754850852,sgmeat
pasture_fp_kg_m2_by_country_year_Horse_Meat,South-eastern Asia,VNM,92,-0.19875328666170447,-2.294390572618657,0.027409403632670113,0.11475683504853068,0.12479819506211494,2021,0.0940559185349478,sgmeat
pasture_fp_kg_m2_by_country_year_Horse_Meat,Southern Asia,IND,19,-1.423638226619861,7.439134730492742,0.3897429176184619,0.00427587871679808,0.4320584252337406,2021,0.1018361887001283,sgmeat
pasture_fp_kg_m2_by_country_year_Horse_Meat,Southern Asia,IRN,19,-1.423638226619861,7.439134730492742,0.3897429176184619,0.00427587871679808,0.4320584252337406,2021,0.0026192754613201,sgmeat
pasture_fp_kg_m2_by_country_year_Horse_Meat,Southern Asia,NPL,19,-1.423638226619861,7.439134730492742,0.3897429176184619,0.00427587871679808,0.4320584252337406,2021,0.0268160010440805,sgmeat
pasture_fp_kg_m2_by_country_year_Horse_Meat,Southern Asia,PAK,19,-1.423638226619861,7.439134730492742,0.3897429176184619,0.00427587871679808,0.4320584252337406,2021,0.1445556770666666,sgmeat
pasture_fp_kg_m2_by_country_year_Horse_Meat,Southern Europe,BIH,114,0.3574917833242803,-7.485348845575102,0.12985132201158509,8.208603457526687e-05,0.08744411718549222,2021,0.0041331491717523,sgmeat
pasture_fp_kg_m2_by_country_year_Horse_Meat,Southern Europe,ESP,114,0.3574917833242803,-7.485348845575102,0.12985132201158509,8.208603457526687e-05,0.08744411718549222,2021,0.0160333113838767,sgmeat
pasture_fp_kg_m2_by_country_year_Horse_Meat,Southern Europe,GRC,114,0.3574917833242803,-7.485348845575102,0.12985132201158509,8.208603457526687e-05,0.08744411718549222,2021,0.0076326865741383,sgmeat
pasture_fp_kg_m2_by_country_year_Horse_Meat,Southern Europe,HRV,114,0.3574917833242803,-7.485348845575102,0.12985132201158509,8.208603457526687e-05,0.08744411718549222,2021,0.0175969993800978,sgmeat
pasture_fp_kg_m2_by_country_year_Horse_Meat,Southern Europe,ITA,114,0.3574917833242803,-7.485348845575102,0.12985132201158509,8.208603457526687e-05,0.08744411718549222,2021,0.0318090804641549,sgmeat
pasture_fp_kg_m2_by_country_year_Horse_Meat,Southern Europe,PRT,114,0.3574917833242803,-7.485348845575102,0.12985132201158509,8.208603457526687e-05,0.08744411718549222,2021,0.0127764097109316,sgmeat
pasture_fp_kg_m2_by_country_year_Horse_Meat,Southern Europe,SRB,114,0.3574917833242803,-7.485348845575102,0.12985132201158509,8.208603457526687e-05,0.08744411718549222,2021,0.0328107459659659,sgmeat
pasture_fp_kg_m2_by_country_year_Horse_Meat,Southern Europe,SVN,114,0.3574917833242803,-7.485348845575102,0.12985132201158509,8.208603457526687e-05,0.08744411718549222,2021,0.0226230509377132,sgmeat
pasture_fp_kg_m2_by_country_year_Horse_Meat,Sub-Saharan Africa,BFA,202,0.33856084779998696,-9.08225664519454,0.04992517898578183,0.0013911868247705188,0.10443373841339541,2021,0.0041323566787315,sgmeat
pasture_fp_kg_m2_by_country_year_Horse_Meat,Sub-Saharan Africa,BWA,202,0.33856084779998696,-9.08225664519454,0.04992517898578183,0.0013911868247705188,0.10443373841339541,2021,0.0004502054684895,sgmeat
pasture_fp_kg_m2_by_country_year_Horse_Meat,Sub-Saharan Africa,CMR,202,0.33856084779998696,-9.08225664519454,0.04992517898578183,0.0013911868247705188,0.10443373841339541,2021,0.009154826568384,sgmeat
pasture_fp_kg_m2_by_country_year_Horse_Meat,Sub-Saharan Africa,COD,202,0.33856084779998696,-9.08225664519454,0.04992517898578183,0.0013911868247705188,0.10443373841339541,2021,0.0002467134025782,sgmeat
pasture_fp_kg_m2_by_country_year_Horse_Meat,Sub-Saharan Africa,GHA,202,0.33856084779998696,-9.08225664519454,0.04992517898578183,0.0013911868247705188,0.10443373841339541,2021,0.0017622362811383,sgmeat
pasture_fp_kg_m2_by_country_year_Horse_Meat,Sub-Saharan Africa,KEN,202,0.33856084779998696,-9.08225664519454,0.04992517898578183,0.0013911868247705188,0.10443373841339541,2021,0.0034609555429279,sgmeat
pasture_fp_kg_m2_by_country_year_Horse_Meat,Sub-Saharan Africa,LSO,202,0.33856084779998696,-9.08225664519454,0.04992517898578183,0.0013911868247705188,0.10443373841339541,2021,0.0005177867225158,sgmeat
pasture_fp_kg_m2_by_country_year_Horse_Meat,Sub-Saharan Africa,MDG,202,0.33856084779998696,-9.08225664519454,0.04992517898578183,0.0013911868247705188,0.10443373841339541,2021,0.0001848659934956,sgmeat
pasture_fp_kg_m2_by_country_year_Horse_Meat,Sub-Saharan Africa,MOZ,202,0.33856084779998696,-9.08225664519454,0.04992517898578183,0.0013911868247705188,0.10443373841339541,2021,7.771356274282073e-05,sgmeat
pasture_fp_kg_m2_by_country_year_Horse_Meat,Sub-Saharan Africa,MRT,202,0.33856084779998696,-9.08225664519454,0.04992517898578183,0.0013911868247705188,0.10443373841339541,2021,0.0003129574512134,sgmeat
pasture_fp_kg_m2_by_country_year_Horse_Meat,Sub-Saharan Africa,MUS,202,0.33856084779998696,-9.08225664519454,0.04992517898578183,0.0013911868247705188,0.10443373841339541,2021,0.0210899883391637,sgmeat
pasture_fp_kg_m2_by_country_year_Horse_Meat,Sub-Saharan Africa,NAM,202,0.33856084779998696,-9.08225664519454,0.04992517898578183,0.0013911868247705188,0.10443373841339541,2021,0.0001994825410464,sgmeat
pasture_fp_kg_m2_by_country_year_Horse_Meat,Sub-Saharan Africa,NER,202,0.33856084779998696,-9.08225664519454,0.04992517898578183,0.0013911868247705188,0.10443373841339541,2021,0.0006720926380304,sgmeat
pasture_fp_kg_m2_by_country_year_Horse_Meat,Sub-Saharan Africa,RWA,202,0.33856084779998696,-9.08225664519454,0.04992517898578183,0.0013911868247705188,0.10443373841339541,2021,0.017872911208622,sgmeat
pasture_fp_kg_m2_by_country_year_Horse_Meat,Sub-Saharan Africa,SEN,202,0.33856084779998696,-9.08225664519454,0.04992517898578183,0.0013911868247705188,0.10443373841339541,2021,0.0040220999083333,sgmeat
pasture_fp_kg_m2_by_country_year_Horse_Meat,Sub-Saharan Africa,TZA,202,0.33856084779998696,-9.08225664519454,0.04992517898578183,0.0013911868247705188,0.10443373841339541,2021,0.0044041747613975,sgmeat
pasture_fp_kg_m2_by_country_year_Horse_Meat,Sub-Saharan Africa,UGA,202,0.33856084779998696,-9.08225664519454,0.04992517898578183,0.0013911868247705188,0.10443373841339541,2021,0.0077291730462362,sgmeat
pasture_fp_kg_m2_by_country_year_Horse_Meat,Sub-Saharan Africa,ZAF,202,0.33856084779998696,-9.08225664519454,0.04992517898578183,0.0013911868247705188,0.10443373841339541,2021,0.0025090056538124,sgmeat
pasture_fp_kg_m2_by_country_year_Horse_Meat,Western Asia,ARE,70,0.9169011523464805,-12.394804232298041,0.2820430167493521,2.247406892708002e-06,0.17740244397953875,2021,0.0321194217555555,sgmeat
pasture_fp_kg_m2_by_country_year_Horse_Meat,Western Asia,AZE,70,0.9169011523464805,-12.394804232298041,0.2820430167493521,2.247406892708002e-06,0.17740244397953875,2021,0.0171369902616159,sgmeat
pasture_fp_kg_m2_by_country_year_Horse_Meat,Western Asia,CYP,70,0.9169011523464805,-12.394804232298041,0.2820430167493521,2.247406892708002e-06,0.17740244397953875,2021,1.0295648575899845,sgmeat
pasture_fp_kg_m2_by_country_year_Horse_Meat,Western Asia,GEO,70,0.9169011523464805,-12.394804232298041,0.2820430167493521,2.247406892708002e-06,0.17740244397953875,2021,0.0034343026054781,sgmeat
pasture_fp_kg_m2_by_country_year_Horse_Meat,Western Asia,ISR,70,0.9169011523464805,-12.394804232298041,0.2820430167493521,2.247406892708002e-06,0.17740244397953875,2021,0.2200465045,sgmeat
pasture_fp_kg_m2_by_country_year_Horse_Meat,Western Asia,KWT,70,0.9169011523464805,-12.394804232298041,0.2820430167493521,2.247406892708002e-06,0.17740244397953875,2021,0.0423195652602718,sgmeat
pasture_fp_kg_m2_by_country_year_Horse_Meat,Western Asia,LBN,70,0.9169011523464805,-12.394804232298041,0.2820430167493521,2.247406892708002e-06,0.17740244397953875,2021,0.0251324705666666,sgmeat
pasture_fp_kg_m2_by_country_year_Horse_Meat,Western Asia,QAT,70,0.9169011523464805,-12.394804232298041,0.2820430167493521,2.247406892708002e-06,0.17740244397953875,2021,0.0219778501333333,sgmeat
pasture_fp_kg_m2_by_country_year_Horse_Meat,Western Asia,SAU,70,0.9169011523464805,-12.394804232298041,0.2820430167493521,2.247406892708002e-06,0.17740244397953875,2021,0.0001712165732147,sgmeat
pasture_fp_kg_m2_by_country_year_Horse_Meat,Western Asia,TUR,70,0.9169011523464805,-12.394804232298041,0.2820430167493521,2.247406892708002e-06,0.17740244397953875,2021,0.0272800097151718,sgmeat
pasture_fp_kg_m2_by_country_year_Horse_Meat,Western Europe,AUT,141,-0.4179012020847728,1.5429474404133847,0.09960101407294306,0.00013782823569262966,0.10657414048862039,2021,0.0403885935327881,sgmeat
pasture_fp_kg_m2_by_country_year_Horse_Meat,Western Europe,BEL,141,-0.4179012020847728,1.5429474404133847,0.09960101407294306,0.00013782823569262966,0.10657414048862039,2021,0.1161797578243165,sgmeat
pasture_fp_kg_m2_by_country_year_Horse_Meat,Western Europe,CHE,141,-0.4179012020847728,1.5429474404133847,0.09960101407294306,0.00013782823569262966,0.10657414048862039,2021,0.0354223374268849,sgmeat
pasture_fp_kg_m2_by_country_year_Horse_Meat,Western Europe,DEU,141,-0.4179012020847728,1.5429474404133847,0.09960101407294306,0.00013782823569262966,0.10657414048862039,2021,0.0434148211277677,sgmeat
pasture_fp_kg_m2_by_country_year_Horse_Meat,Western Europe,FRA,141,-0.4179012020847728,1.5429474404133847,0.09960101407294306,0.00013782823569262966,0.10657414048862039,2021,0.0296334324143273,sgmeat
pasture_fp_kg_m2_by_country_year_Horse_Meat,Western Europe,LUX,141,-0.4179012020847728,1.5429474404133847,0.09960101407294306,0.00013782823569262966,0.10657414048862039,2021,0.0469630697279951,sgmeat
pasture_fp_kg_m2_by_country_year_Horse_Meat,Western Europe,NLD,141,-0.4179012020847728,1.5429474404133847,0.09960101407294306,0.00013782823569262966,0.10657414048862039,2021,0.144158930094086,sgmeat
pasture_fp_kg_m2_by_country_year_Sheep_Meat,Australia and New Zealand,AUS,44,-6.932165258097882,68.62186500631607,0.6939590112713361,2.31303023384276e-12,0.7103414388562376,2021,0.0012943211721894,sgmeat
pasture_fp_kg_m2_by_country_year_Sheep_Meat,Australia and New Zealand,NZL,44,-6.932165258097882,68.62186500631607,0.6939590112713361,2.31303023384276e-12,0.7103414388562376,2021,0.0285038824675834,sgmeat
pasture_fp_kg_m2_by_country_year_Sheep_Meat,Central Asia,KAZ,110,-0.6663260745037499,-0.8873283247484016,0.36408020942892283,3.024853795443678e-12,0.08473787422373076,2021,0.0005960907157265,sgmeat
pasture_fp_kg_m2_by_country_year_Sheep_Meat,Central Asia,KGZ,110,-0.6663260745037499,-0.8873283247484016,0.36408020942892283,3.024853795443678e-12,0.08473787422373076,2021,0.0040658642335857,sgmeat
pasture_fp_kg_m2_by_country_year_Sheep_Meat,Central Asia,TJK,110,-0.6663260745037499,-0.8873283247484016,0.36408020942892283,3.024853795443678e-12,0.08473787422373076,2021,0.0204901910141632,sgmeat
pasture_fp_kg_m2_by_country_year_Sheep_Meat,Central Asia,TKM,110,-0.6663260745037499,-0.8873283247484016,0.36408020942892283,3.024853795443678e-12,0.08473787422373076,2021,0.0014435029545663,sgmeat
pasture_fp_kg_m2_by_country_year_Sheep_Meat,Central Asia,UZB,110,-0.6663260745037499,-0.8873283247484016,0.36408020942892283,3.024853795443678e-12,0.08473787422373076,2021,0.0113513909063019,sgmeat
pasture_fp_kg_m2_by_country_year_Sheep_Meat,Eastern Asia,KOR,44,3.0441982358118613,-32.18768354670362,0.9536162723481899,1.2337964488201428e-29,0.10359630895228279,2021,0.4358293854543669,sgmeat
pasture_fp_kg_m2_by_country_year_Sheep_Meat,Eastern Asia,MNG,44,3.0441982358118613,-32.18768354670362,0.9536162723481899,1.2337964488201428e-29,0.10359630895228279,2021,0.0004678609509638,sgmeat
pasture_fp_kg_m2_by_country_year_Sheep_Meat,Eastern Europe,BGR,220,0.14456605612657025,-5.616673170030844,0.024974867462906898,0.01900497170228253,0.06117787609686442,2021,0.0056138769816272,sgmeat
pasture_fp_kg_m2_by_country_year_Sheep_Meat,Eastern Europe,BLR,220,0.14456605612657025,-5.616673170030844,0.024974867462906898,0.01900497170228253,0.06117787609686442,2021,0.0257428945513336,sgmeat
pasture_fp_kg_m2_by_country_year_Sheep_Meat,Eastern Europe,CZE,220,0.14456605612657025,-5.616673170030844,0.024974867462906898,0.01900497170228253,0.06117787609686442,2021,0.0268868599916951,sgmeat
pasture_fp_kg_m2_by_country_year_Sheep_Meat,Eastern Europe,HUN,220,0.14456605612657025,-5.616673170030844,0.024974867462906898,0.01900497170228253,0.06117787609686442,2021,0.0179772108607897,sgmeat
pasture_fp_kg_m2_by_country_year_Sheep_Meat,Eastern Europe,MDA,220,0.14456605612657025,-5.616673170030844,0.024974867462906898,0.01900497170228253,0.06117787609686442,2021,0.0047694607628004,sgmeat
pasture_fp_kg_m2_by_country_year_Sheep_Meat,Eastern Europe,POL,220,0.14456605612657025,-5.616673170030844,0.024974867462906898,0.01900497170228253,0.06117787609686442,2021,0.0537566630205764,sgmeat
pasture_fp_kg_m2_by_country_year_Sheep_Meat,Eastern Europe,ROU,220,0.14456605612657025,-5.616673170030844,0.024974867462906898,0.01900497170228253,0.06117787609686442,2021,0.0079625619741165,sgmeat
pasture_fp_kg_m2_by_country_year_Sheep_Meat,Eastern Europe,RUS,220,0.14456605612657025,-5.616673170030844,0.024974867462906898,0.01900497170228253,0.06117787609686442,2021,0.003350345766331,sgmeat
pasture_fp_kg_m2_by_country_year_Sheep_Meat,Eastern Europe,SVK,220,0.14456605612657025,-5.616673170030844,0.024974867462906898,0.01900497170228253,0.06117787609686442,2021,0.0111267895774647,sgmeat
pasture_fp_kg_m2_by_country_year_Sheep_Meat,Eastern Europe,UKR,220,0.14456605612657025,-5.616673170030844,0.024974867462906898,0.01900497170228253,0.06117787609686442,2021,0.0112073168179097,sgmeat
pasture_fp_kg_m2_by_country_year_Sheep_Meat,Latin America and the Caribbean,ARG,617,0.3635630504891775,-7.980556515841133,0.07314006948236827,8.386532348153193e-12,0.05218810773450049,2021,0.0071405224463287,sgmeat
pasture_fp_kg_m2_by_country_year_Sheep_Meat,Latin America and the Caribbean,ATG,617,0.3635630504891775,-7.980556515841133,0.07314006948236827,8.386532348153193e-12,0.05218810773450049,2021,0.0048299419368892,sgmeat
pasture_fp_kg_m2_by_country_year_Sheep_Meat,Latin America and the Caribbean,BHS,617,0.3635630504891775,-7.980556515841133,0.07314006948236827,8.386532348153193e-12,0.05218810773450049,2021,0.005808218860488,sgmeat
pasture_fp_kg_m2_by_country_year_Sheep_Meat,Latin America and the Caribbean,BLZ,617,0.3635630504891775,-7.980556515841133,0.07314006948236827,8.386532348153193e-12,0.05218810773450049,2021,0.0051842075900182,sgmeat
pasture_fp_kg_m2_by_country_year_Sheep_Meat,Latin America and the Caribbean,BOL,617,0.3635630504891775,-7.980556515841133,0.07314006948236827,8.386532348153193e-12,0.05218810773450049,2021,0.0016333502280808,sgmeat
pasture_fp_kg_m2_by_country_year_Sheep_Meat,Latin America and the Caribbean,BRA,617,0.3635630504891775,-7.980556515841133,0.07314006948236827,8.386532348153193e-12,0.05218810773450049,2021,0.0101651017752743,sgmeat
pasture_fp_kg_m2_by_country_year_Sheep_Meat,Latin America and the Caribbean,BRB,617,0.3635630504891775,-7.980556515841133,0.07314006948236827,8.386532348153193e-12,0.05218810773450049,2021,0.0204473029645697,sgmeat
pasture_fp_kg_m2_by_country_year_Sheep_Meat,Latin America and the Caribbean,CHL,617,0.3635630504891775,-7.980556515841133,0.07314006948236827,8.386532348153193e-12,0.05218810773450049,2021,0.0054322358252702,sgmeat
pasture_fp_kg_m2_by_country_year_Sheep_Meat,Latin America and the Caribbean,COL,617,0.3635630504891775,-7.980556515841133,0.07314006948236827,8.386532348153193e-12,0.05218810773450049,2021,0.0042155784819466,sgmeat
pasture_fp_kg_m2_by_country_year_Sheep_Meat,Latin America and the Caribbean,CRI,617,0.3635630504891775,-7.980556515841133,0.07314006948236827,8.386532348153193e-12,0.05218810773450049,2021,0.0183156082880735,sgmeat
pasture_fp_kg_m2_by_country_year_Sheep_Meat,Latin America and the Caribbean,DOM,617,0.3635630504891775,-7.980556515841133,0.07314006948236827,8.386532348153193e-12,0.05218810773450049,2021,0.0117156714574316,sgmeat
pasture_fp_kg_m2_by_country_year_Sheep_Meat,Latin America and the Caribbean,ECU,617,0.3635630504891775,-7.980556515841133,0.07314006948236827,8.386532348153193e-12,0.05218810773450049,2021,0.0158648026155033,sgmeat
pasture_fp_kg_m2_by_country_year_Sheep_Meat,Latin America and the Caribbean,GRD,617,0.3635630504891775,-7.980556515841133,0.07314006948236827,8.386532348153193e-12,0.05218810773450049,2021,0.063181244196843,sgmeat
pasture_fp_kg_m2_by_country_year_Sheep_Meat,Latin America and the Caribbean,GTM,617,0.3635630504891775,-7.980556515841133,0.07314006948236827,8.386532348153193e-12,0.05218810773450049,2021,0.0227418078257777,sgmeat
pasture_fp_kg_m2_by_country_year_Sheep_Meat,Latin America and the Caribbean,GUY,617,0.3635630504891775,-7.980556515841133,0.07314006948236827,8.386532348153193e-12,0.05218810773450049,2021,0.0012853806502838,sgmeat
pasture_fp_kg_m2_by_country_year_Sheep_Meat,Latin America and the Caribbean,HND,617,0.3635630504891775,-7.980556515841133,0.07314006948236827,8.386532348153193e-12,0.05218810773450049,2021,0.0069176411325119,sgmeat
pasture_fp_kg_m2_by_country_year_Sheep_Meat,Latin America and the Caribbean,HTI,617,0.3635630504891775,-7.980556515841133,0.07314006948236827,8.386532348153193e-12,0.05218810773450049,2021,0.0137154257379585,sgmeat
pasture_fp_kg_m2_by_country_year_Sheep_Meat,Latin America and the Caribbean,JAM,617,0.3635630504891775,-7.980556515841133,0.07314006948236827,8.386532348153193e-12,0.05218810773450049,2021,0.0049497691409792,sgmeat
pasture_fp_kg_m2_by_country_year_Sheep_Meat,Latin America and the Caribbean,LCA,617,0.3635630504891775,-7.980556515841133,0.07314006948236827,8.386532348153193e-12,0.05218810773450049,2021,0.1353956416464891,sgmeat
pasture_fp_kg_m2_by_country_year_Sheep_Meat,Latin America and the Caribbean,MEX,617,0.3635630504891775,-7.980556515841133,0.07314006948236827,8.386532348153193e-12,0.05218810773450049,2021,0.0056308882990272,sgmeat
pasture_fp_kg_m2_by_country_year_Sheep_Meat,Latin America and the Caribbean,NIC,617,0.3635630504891775,-7.980556515841133,0.07314006948236827,8.386532348153193e-12,0.05218810773450049,2021,0.0105569710044552,sgmeat
pasture_fp_kg_m2_by_country_year_Sheep_Meat,Latin America and the Caribbean,PAN,617,0.3635630504891775,-7.980556515841133,0.07314006948236827,8.386532348153193e-12,0.05218810773450049,2021,0.0075935129693545,sgmeat
pasture_fp_kg_m2_by_country_year_Sheep_Meat,Latin America and the Caribbean,PER,617,0.3635630504891775,-7.980556515841133,0.07314006948236827,8.386532348153193e-12,0.05218810773450049,2021,0.0024636328396317,sgmeat
pasture_fp_kg_m2_by_country_year_Sheep_Meat,Latin America and the Caribbean,PRY,617,0.3635630504891775,-7.980556515841133,0.07314006948236827,8.386532348153193e-12,0.05218810773450049,2021,0.0054132322607848,sgmeat
pasture_fp_kg_m2_by_country_year_Sheep_Meat,Latin America and the Caribbean,SLV,617,0.3635630504891775,-7.980556515841133,0.07314006948236827,8.386532348153193e-12,0.05218810773450049,2021,0.0090007228347358,sgmeat
pasture_fp_kg_m2_by_country_year_Sheep_Meat,Latin America and the Caribbean,SUR,617,0.3635630504891775,-7.980556515841133,0.07314006948236827,8.386532348153193e-12,0.05218810773450049,2021,0.0141929339079045,sgmeat
pasture_fp_kg_m2_by_country_year_Sheep_Meat,Latin America and the Caribbean,TTO,617,0.3635630504891775,-7.980556515841133,0.07314006948236827,8.386532348153193e-12,0.05218810773450049,2021,0.022338209494854,sgmeat
pasture_fp_kg_m2_by_country_year_Sheep_Meat,Latin America and the Caribbean,URY,617,0.3635630504891775,-7.980556515841133,0.07314006948236827,8.386532348153193e-12,0.05218810773450049,2021,0.0087857959526847,sgmeat
pasture_fp_kg_m2_by_country_year_Sheep_Meat,Latin America and the Caribbean,VCT,617,0.3635630504891775,-7.980556515841133,0.07314006948236827,8.386532348153193e-12,0.05218810773450049,2021,0.0161656556552045,sgmeat
pasture_fp_kg_m2_by_country_year_Sheep_Meat,Melanesia,FJI,44,0.4187771564723726,-9.259889731534042,0.3383759193076629,3.453670576895887e-05,0.09035751238236614,2021,0.0038903070602451,sgmeat
pasture_fp_kg_m2_by_country_year_Sheep_Meat,Melanesia,PNG,44,0.4187771564723726,-9.259889731534042,0.3383759193076629,3.453670576895887e-05,0.09035751238236614,2021,0.002083077863384,sgmeat
pasture_fp_kg_m2_by_country_year_Sheep_Meat,Northern Africa,DZA,109,-2.232251810994846,13.162029363913794,0.27187513552413506,6.123059882816498e-09,0.353158351301622,2021,0.0023207347562004,sgmeat
pasture_fp_kg_m2_by_country_year_Sheep_Meat,Northern Africa,EGY,109,-2.232251810994846,13.162029363913794,0.27187513552413506,6.123059882816498e-09,0.353158351301622,2021,0.2778299399356965,sgmeat
pasture_fp_kg_m2_by_country_year_Sheep_Meat,Northern Africa,LBY,109,-2.232251810994846,13.162029363913794,0.27187513552413506,6.123059882816498e-09,0.353158351301622,2021,0.0004485014700774,sgmeat
pasture_fp_kg_m2_by_country_year_Sheep_Meat,Northern Africa,MAR,109,-2.232251810994846,13.162029363913794,0.27187513552413506,6.123059882816498e-09,0.353158351301622,2021,0.0037696667998978,sgmeat
pasture_fp_kg_m2_by_country_year_Sheep_Meat,Northern Africa,TUN,109,-2.232251810994846,13.162029363913794,0.27187513552413506,6.123059882816498e-09,0.353158351301622,2021,0.0046641667171929,sgmeat
pasture_fp_kg_m2_by_country_year_Sheep_Meat,Northern America,CAN,44,-0.11672654100767571,-3.429914548807396,0.03215952864295358,0.24411104594568744,0.09880798047833853,2021,0.0117688191741949,sgmeat
pasture_fp_kg_m2_by_country_year_Sheep_Meat,Northern America,USA,44,-0.11672654100767571,-3.429914548807396,0.03215952864295358,0.24411104594568744,0.09880798047833853,2021,0.0095858973851186,sgmeat
pasture_fp_kg_m2_by_country_year_Sheep_Meat,Northern Europe,DNK,220,0.4543601140547351,-8.776597485381135,0.07724001247734738,2.896908444601034e-05,0.10636412278676768,2021,0.0648078652636405,sgmeat
pasture_fp_kg_m2_by_country_year_Sheep_Meat,Northern Europe,EST,220,0.4543601140547351,-8.776597485381135,0.07724001247734738,2.896908444601034e-05,0.10636412278676768,2021,0.0121896800289855,sgmeat
pasture_fp_kg_m2_by_country_year_Sheep_Meat,Northern Europe,FIN,220,0.4543601140547351,-8.776597485381135,0.07724001247734738,2.896908444601034e-05,0.10636412278676768,2021,0.0309260332519332,sgmeat
pasture_fp_kg_m2_by_country_year_Sheep_Meat,Northern Europe,GBR,220,0.4543601140547351,-8.776597485381135,0.07724001247734738,2.896908444601034e-05,0.10636412278676768,2021,0.0205288804242973,sgmeat
pasture_fp_kg_m2_by_country_year_Sheep_Meat,Northern Europe,IRL,220,0.4543601140547351,-8.776597485381135,0.07724001247734738,2.896908444601034e-05,0.10636412278676768,2021,0.0382892790188679,sgmeat
pasture_fp_kg_m2_by_country_year_Sheep_Meat,Northern Europe,ISL,220,0.4543601140547351,-8.776597485381135,0.07724001247734738,2.896908444601034e-05,0.10636412278676768,2021,0.0013744634083601,sgmeat
pasture_fp_kg_m2_by_country_year_Sheep_Meat,Northern Europe,LTU,220,0.4543601140547351,-8.776597485381135,0.07724001247734738,2.896908444601034e-05,0.10636412278676768,2021,0.0172484195869111,sgmeat
pasture_fp_kg_m2_by_country_year_Sheep_Meat,Northern Europe,LVA,220,0.4543601140547351,-8.776597485381135,0.07724001247734738,2.896908444601034e-05,0.10636412278676768,2021,0.0084261282715498,sgmeat
pasture_fp_kg_m2_by_country_year_Sheep_Meat,Northern Europe,NOR,220,0.4543601140547351,-8.776597485381135,0.07724001247734738,2.896908444601034e-05,0.10636412278676768,2021,0.0373035968142493,sgmeat
pasture_fp_kg_m2_by_country_year_Sheep_Meat,Northern Europe,SWE,220,0.4543601140547351,-8.776597485381135,0.07724001247734738,2.896908444601034e-05,0.10636412278676768,2021,0.0240797657766027,sgmeat
pasture_fp_kg_m2_by_country_year_Sheep_Meat,South-eastern Asia,IDN,132,-0.28010197230301287,-2.039021481096941,0.03275638922695394,0.037820833548533335,0.1334948199829266,2021,0.0090878311338141,sgmeat
pasture_fp_kg_m2_by_country_year_Sheep_Meat,South-eastern Asia,MMR,132,-0.28010197230301287,-2.039021481096941,0.03275638922695394,0.037820833548533335,0.1334948199829266,2021,0.0590491255833333,sgmeat
pasture_fp_kg_m2_by_country_year_Sheep_Meat,South-eastern Asia,MYS,132,-0.28010197230301287,-2.039021481096941,0.03275638922695394,0.037820833548533335,0.1334948199829266,2021,0.0176480692877049,sgmeat
pasture_fp_kg_m2_by_country_year_Sheep_Meat,South-eastern Asia,PHL,132,-0.28010197230301287,-2.039021481096941,0.03275638922695394,0.037820833548533335,0.1334948199829266,2021,0.0221463436685324,sgmeat
pasture_fp_kg_m2_by_country_year_Sheep_Meat,South-eastern Asia,THA,132,-0.28010197230301287,-2.039021481096941,0.03275638922695394,0.037820833548533335,0.1334948199829266,2021,0.009780527028759,sgmeat
pasture_fp_kg_m2_by_country_year_Sheep_Meat,South-eastern Asia,TLS,132,-0.28010197230301287,-2.039021481096941,0.03275638922695394,0.037820833548533335,0.1334948199829266,2021,0.0025066286675541,sgmeat
pasture_fp_kg_m2_by_country_year_Sheep_Meat,Southern Asia,BGD,132,-1.2935832335180981,5.28811673166949,0.25618257529124394,5.971547670475776e-10,0.19332191219072195,2021,0.058217856354683,sgmeat
pasture_fp_kg_m2_by_country_year_Sheep_Meat,Southern Asia,BTN,132,-1.2935832335180981,5.28811673166949,0.25618257529124394,5.971547670475776e-10,0.19332191219072195,2021,0.0010823165192675,sgmeat
pasture_fp_kg_m2_by_country_year_Sheep_Meat,Southern Asia,IND,132,-1.2935832335180981,5.28811673166949,0.25618257529124394,5.971547670475776e-10,0.19332191219072195,2021,0.1018361887001283,sgmeat
pasture_fp_kg_m2_by_country_year_Sheep_Meat,Southern Asia,IRN,132,-1.2935832335180981,5.28811673166949,0.25618257529124394,5.971547670475776e-10,0.19332191219072195,2021,0.0042182649394443,sgmeat
pasture_fp_kg_m2_by_country_year_Sheep_Meat,Southern Asia,NPL,132,-1.2935832335180981,5.28811673166949,0.25618257529124394,5.971547670475776e-10,0.19332191219072195,2021,0.0278861571769549,sgmeat
pasture_fp_kg_m2_by_country_year_Sheep_Meat,Southern Asia,PAK,132,-1.2935832335180981,5.28811673166949,0.25618257529124394,5.971547670475776e-10,0.19332191219072195,2021,0.14429666242,sgmeat
pasture_fp_kg_m2_by_country_year_Sheep_Meat,Southern Europe,ALB,230,0.3598534431461896,-7.615199665837283,0.16442343618409813,1.6286474621253292e-10,0.05372414395799046,2021,0.018044137920718,sgmeat
pasture_fp_kg_m2_by_country_year_Sheep_Meat,Southern Europe,BIH,230,0.3598534431461896,-7.615199665837283,0.16442343618409813,1.6286474621253292e-10,0.05372414395799046,2021,0.0041331491717523,sgmeat
pasture_fp_kg_m2_by_country_year_Sheep_Meat,Southern Europe,ESP,230,0.3598534431461896,-7.615199665837283,0.16442343618409813,1.6286474621253292e-10,0.05372414395799046,2021,0.0160333113838767,sgmeat
pasture_fp_kg_m2_by_country_year_Sheep_Meat,Southern Europe,GRC,230,0.3598534431461896,-7.615199665837283,0.16442343618409813,1.6286474621253292e-10,0.05372414395799046,2021,0.0076148246539938,sgmeat
pasture_fp_kg_m2_by_country_year_Sheep_Meat,Southern Europe,HRV,230,0.3598534431461896,-7.615199665837283,0.16442343618409813,1.6286474621253292e-10,0.05372414395799046,2021,0.0175969993800978,sgmeat
pasture_fp_kg_m2_by_country_year_Sheep_Meat,Southern Europe,ITA,230,0.3598534431461896,-7.615199665837283,0.16442343618409813,1.6286474621253292e-10,0.05372414395799046,2021,0.0352175783392884,sgmeat
pasture_fp_kg_m2_by_country_year_Sheep_Meat,Southern Europe,MKD,230,0.3598534431461896,-7.615199665837283,0.16442343618409813,1.6286474621253292e-10,0.05372414395799046,2021,0.0034288567248545,sgmeat
pasture_fp_kg_m2_by_country_year_Sheep_Meat,Southern Europe,MNE,230,0.3598534431461896,-7.615199665837283,0.16442343618409813,1.6286474621253292e-10,0.05372414395799046,2021,0.0061068534432989,sgmeat
pasture_fp_kg_m2_by_country_year_Sheep_Meat,Southern Europe,PRT,230,0.3598534431461896,-7.615199665837283,0.16442343618409813,1.6286474621253292e-10,0.05372414395799046,2021,0.0127764097109316,sgmeat
pasture_fp_kg_m2_by_country_year_Sheep_Meat,Southern Europe,SRB,230,0.3598534431461896,-7.615199665837283,0.16442343618409813,1.6286474621253292e-10,0.05372414395799046,2021,0.0328107459659659,sgmeat
pasture_fp_kg_m2_by_country_year_Sheep_Meat,Southern Europe,SVN,230,0.3598534431461896,-7.615199665837283,0.16442343618409813,1.6286474621253292e-10,0.05372414395799046,2021,0.0235340096903096,sgmeat
pasture_fp_kg_m2_by_country_year_Sheep_Meat,Sub-Saharan Africa,AGO,770,0.0582711350804775,-6.899650803055081,0.0010408509985895197,0.3713119001570959,0.06514070442526497,2021,0.0005019997394208,sgmeat
pasture_fp_kg_m2_by_country_year_Sheep_Meat,Sub-Saharan Africa,BFA,770,0.0582711350804775,-6.899650803055081,0.0010408509985895197,0.3713119001570959,0.06514070442526497,2021,0.0041323566787315,sgmeat
pasture_fp_kg_m2_by_country_year_Sheep_Meat,Sub-Saharan Africa,BWA,770,0.0582711350804775,-6.899650803055081,0.0010408509985895197,0.3713119001570959,0.06514070442526497,2021,0.0004502054684895,sgmeat
pasture_fp_kg_m2_by_country_year_Sheep_Meat,Sub-Saharan Africa,CMR,770,0.0582711350804775,-6.899650803055081,0.0010408509985895197,0.3713119001570959,0.06514070442526497,2021,0.009154826568384,sgmeat
pasture_fp_kg_m2_by_country_year_Sheep_Meat,Sub-Saharan Africa,COD,770,0.0582711350804775,-6.899650803055081,0.0010408509985895197,0.3713119001570959,0.06514070442526497,2021,0.0002899088524127,sgmeat
pasture_fp_kg_m2_by_country_year_Sheep_Meat,Sub-Saharan Africa,COG,770,0.0582711350804775,-6.899650803055081,0.0010408509985895197,0.3713119001570959,0.06514070442526497,2021,0.0001083564437368,sgmeat
pasture_fp_kg_m2_by_country_year_Sheep_Meat,Sub-Saharan Africa,COM,770,0.0582711350804775,-6.899650803055081,0.0010408509985895197,0.3713119001570959,0.06514070442526497,2021,0.0141502683929435,sgmeat
pasture_fp_kg_m2_by_country_year_Sheep_Meat,Sub-Saharan Africa,CPV,770,0.0582711350804775,-6.899650803055081,0.0010408509985895197,0.3713119001570959,0.06514070442526497,2021,0.0068643350967239,sgmeat
pasture_fp_kg_m2_by_country_year_Sheep_Meat,Sub-Saharan Africa,DJI,770,0.0582711350804775,-6.899650803055081,0.0010408509985895197,0.3713119001570959,0.06514070442526497,2021,0.0009162392266638,sgmeat
pasture_fp_kg_m2_by_country_year_Sheep_Meat,Sub-Saharan Africa,GAB,770,0.0582711350804775,-6.899650803055081,0.0010408509985895197,0.3713119001570959,0.06514070442526497,2021,0.0001869423345454,sgmeat
pasture_fp_kg_m2_by_country_year_Sheep_Meat,Sub-Saharan Africa,GHA,770,0.0582711350804775,-6.899650803055081,0.0010408509985895197,0.3713119001570959,0.06514070442526497,2021,0.0019388160008583,sgmeat
pasture_fp_kg_m2_by_country_year_Sheep_Meat,Sub-Saharan Africa,GIN,770,0.0582711350804775,-6.899650803055081,0.0010408509985895197,0.3713119001570959,0.06514070442526497,2021,0.0013962448965732,sgmeat
pasture_fp_kg_m2_by_country_year_Sheep_Meat,Sub-Saharan Africa,GMB,770,0.0582711350804775,-6.899650803055081,0.0010408509985895197,0.3713119001570959,0.06514070442526497,2021,0.0033929662828268,sgmeat
pasture_fp_kg_m2_by_country_year_Sheep_Meat,Sub-Saharan Africa,GNB,770,0.0582711350804775,-6.899650803055081,0.0010408509985895197,0.3713119001570959,0.06514070442526497,2021,0.0069719024002976,sgmeat
pasture_fp_kg_m2_by_country_year_Sheep_Meat,Sub-Saharan Africa,KEN,770,0.0582711350804775,-6.899650803055081,0.0010408509985895197,0.3713119001570959,0.06514070442526497,2021,0.0034609555429279,sgmeat
pasture_fp_kg_m2_by_country_year_Sheep_Meat,Sub-Saharan Africa,LBR,770,0.0582711350804775,-6.899650803055081,0.0010408509985895197,0.3713119001570959,0.06514070442526497,2021,0.0003352724930363,sgmeat
pasture_fp_kg_m2_by_country_year_Sheep_Meat,Sub-Saharan Africa,LSO,770,0.0582711350804775,-6.899650803055081,0.0010408509985895197,0.3713119001570959,0.06514070442526497,2021,0.0005177867225158,sgmeat
pasture_fp_kg_m2_by_country_year_Sheep_Meat,Sub-Saharan Africa,MDG,770,0.0582711350804775,-6.899650803055081,0.0010408509985895197,0.3713119001570959,0.06514070442526497,2021,0.0001848659934956,sgmeat
pasture_fp_kg_m2_by_country_year_Sheep_Meat,Sub-Saharan Africa,MOZ,770,0.0582711350804775,-6.899650803055081,0.0010408509985895197,0.3713119001570959,0.06514070442526497,2021,9.092059885378556e-05,sgmeat
pasture_fp_kg_m2_by_country_year_Sheep_Meat,Sub-Saharan Africa,MRT,770,0.0582711350804775,-6.899650803055081,0.0010408509985895197,0.3713119001570959,0.06514070442526497,2021,0.0003129574512134,sgmeat
pasture_fp_kg_m2_by_country_year_Sheep_Meat,Sub-Saharan Africa,MUS,770,0.0582711350804775,-6.899650803055081,0.0010408509985895197,0.3713119001570959,0.06514070442526497,2021,0.0210534538010003,sgmeat
pasture_fp_kg_m2_by_country_year_Sheep_Meat,Sub-Saharan Africa,MWI,770,0.0582711350804775,-6.899650803055081,0.0010408509985895197,0.3713119001570959,0.06514070442526497,2021,0.0075083971243915,sgmeat
pasture_fp_kg_m2_by_country_year_Sheep_Meat,Sub-Saharan Africa,NAM,770,0.0582711350804775,-6.899650803055081,0.0010408509985895197,0.3713119001570959,0.06514070442526497,2021,0.000146895176953,sgmeat
pasture_fp_kg_m2_by_country_year_Sheep_Meat,Sub-Saharan Africa,NER,770,0.0582711350804775,-6.899650803055081,0.0010408509985895197,0.3713119001570959,0.06514070442526497,2021,0.0006720926380304,sgmeat
pasture_fp_kg_m2_by_country_year_Sheep_Meat,Sub-Saharan Africa,NGA,770,0.0582711350804775,-6.899650803055081,0.0010408509985895197,0.3713119001570959,0.06514070442526497,2021,0.0033921115417352,sgmeat
pasture_fp_kg_m2_by_country_year_Sheep_Meat,Sub-Saharan Africa,RWA,770,0.0582711350804775,-6.899650803055081,0.0010408509985895197,0.3713119001570959,0.06514070442526497,2021,0.0228540055378814,sgmeat
pasture_fp_kg_m2_by_country_year_Sheep_Meat,Sub-Saharan Africa,SEN,770,0.0582711350804775,-6.899650803055081,0.0010408509985895197,0.3713119001570959,0.06514070442526497,2021,0.0040220999083333,sgmeat
pasture_fp_kg_m2_by_country_year_Sheep_Meat,Sub-Saharan Africa,SLE,770,0.0582711350804775,-6.899650803055081,0.0010408509985895197,0.3713119001570959,0.06514070442526497,2021,0.0012813622496468,sgmeat
pasture_fp_kg_m2_by_country_year_Sheep_Meat,Sub-Saharan Africa,STP,770,0.0582711350804775,-6.899650803055081,0.0010408509985895197,0.3713119001570959,0.06514070442526497,2021,0.0408454800491525,sgmeat
pasture_fp_kg_m2_by_country_year_Sheep_Meat,Sub-Saharan Africa,SWZ,770,0.0582711350804775,-6.899650803055081,0.0010408509985895197,0.3713119001570959,0.06514070442526497,2021,0.0030160190498771,sgmeat
pasture_fp_kg_m2_by_country_year_Sheep_Meat,Sub-Saharan Africa,TZA,770,0.0582711350804775,-6.899650803055081,0.0010408509985895197,0.3713119001570959,0.06514070442526497,2021,0.0044041747613975,sgmeat
pasture_fp_kg_m2_by_country_year_Sheep_Meat,Sub-Saharan Africa,UGA,770,0.0582711350804775,-6.899650803055081,0.0010408509985895197,0.3713119001570959,0.06514070442526497,2021,0.0091304987822599,sgmeat
pasture_fp_kg_m2_by_country_year_Sheep_Meat,Sub-Saharan Africa,ZAF,770,0.0582711350804775,-6.899650803055081,0.0010408509985895197,0.3713119001570959,0.06514070442526497,2021,0.0025090056538124,sgmeat
pasture_fp_kg_m2_by_country_year_Sheep_Meat,Sub-Saharan Africa,ZMB,770,0.0582711350804775,-6.899650803055081,0.0010408509985895197,0.3713119001570959,0.06514070442526497,2021,0.0017066542159438,sgmeat
pasture_fp_kg_m2_by_country_year_Sheep_Meat,Sub-Saharan Africa,ZWE,770,0.0582711350804775,-6.899650803055081,0.0010408509985895197,0.3713119001570959,0.06514070442526497,2021,0.0092009036842174,sgmeat
pasture_fp_kg_m2_by_country_year_Sheep_Meat,Western Asia,ARE,352,0.7409414487391324,-11.04399712886108,0.15794805103312792,9.084413169261741e-15,0.09144546549622194,2021,0.0333729422222222,sgmeat
pasture_fp_kg_m2_by_country_year_Sheep_Meat,Western Asia,ARM,352,0.7409414487391324,-11.04399712886108,0.15794805103312792,9.084413169261741e-15,0.09144546549622194,2021,0.0134674941792616,sgmeat
pasture_fp_kg_m2_by_country_year_Sheep_Meat,Western Asia,AZE,352,0.7409414487391324,-11.04399712886108,0.15794805103312792,9.084413169261741e-15,0.09144546549622194,2021,0.0179069368631506,sgmeat
pasture_fp_kg_m2_by_country_year_Sheep_Meat,Western Asia,BHR,352,0.7409414487391324,-11.04399712886108,0.15794805103312792,9.084413169261741e-15,0.09144546549622194,2021,0.7059776383333333,sgmeat
pasture_fp_kg_m2_by_country_year_Sheep_Meat,Western Asia,CYP,352,0.7409414487391324,-11.04399712886108,0.15794805103312792,9.084413169261741e-15,0.09144546549622194,2021,1.1264930830878166,sgmeat
pasture_fp_kg_m2_by_country_year_Sheep_Meat,Western Asia,GEO,352,0.7409414487391324,-11.04399712886108,0.15794805103312792,9.084413169261741e-15,0.09144546549622194,2021,0.0034343026054781,sgmeat
pasture_fp_kg_m2_by_country_year_Sheep_Meat,Western Asia,IRQ,352,0.7409414487391324,-11.04399712886108,0.15794805103312792,9.084413169261741e-15,0.09144546549622194,2021,0.0034579863538268,sgmeat
pasture_fp_kg_m2_by_country_year_Sheep_Meat,Western Asia,ISR,352,0.7409414487391324,-11.04399712886108,0.15794805103312792,9.084413169261741e-15,0.09144546549622194,2021,0.2285906144308943,sgmeat
pasture_fp_kg_m2_by_country_year_Sheep_Meat,Western Asia,JOR,352,0.7409414487391324,-11.04399712886108,0.15794805103312792,9.084413169261741e-15,0.09144546549622194,2021,0.0169780441599281,sgmeat
pasture_fp_kg_m2_by_country_year_Sheep_Meat,Western Asia,KWT,352,0.7409414487391324,-11.04399712886108,0.15794805103312792,9.084413169261741e-15,0.09144546549622194,2021,0.0442128632224174,sgmeat
pasture_fp_kg_m2_by_country_year_Sheep_Meat,Western Asia,LBN,352,0.7409414487391324,-11.04399712886108,0.15794805103312792,9.084413169261741e-15,0.09144546549622194,2021,0.0251324705666666,sgmeat
pasture_fp_kg_m2_by_country_year_Sheep_Meat,Western Asia,OMN,352,0.7409414487391324,-11.04399712886108,0.15794805103312792,9.084413169261741e-15,0.09144546549622194,2021,0.0061951288532794,sgmeat
pasture_fp_kg_m2_by_country_year_Sheep_Meat,Western Asia,QAT,352,0.7409414487391324,-11.04399712886108,0.15794805103312792,9.084413169261741e-15,0.09144546549622194,2021,0.0250259207999999,sgmeat
pasture_fp_kg_m2_by_country_year_Sheep_Meat,Western Asia,SAU,352,0.7409414487391324,-11.04399712886108,0.15794805103312792,9.084413169261741e-15,0.09144546549622194,2021,0.0002408216024031,sgmeat
pasture_fp_kg_m2_by_country_year_Sheep_Meat,Western Asia,TUR,352,0.7409414487391324,-11.04399712886108,0.15794805103312792,9.084413169261741e-15,0.09144546549622194,2021,0.0272800097151718,sgmeat
pasture_fp_kg_m2_by_country_year_Sheep_Meat,Western Asia,YEM,352,0.7409414487391324,-11.04399712886108,0.15794805103312792,9.084413169261741e-15,0.09144546549622194,2021,0.0013565681139673,sgmeat
pasture_fp_kg_m2_by_country_year_Sheep_Meat,Western Europe,AUT,154,-0.4124345812347427,1.5054928066438706,0.08415973800707822,0.00026269356263700723,0.11035473109820314,2021,0.0400258396329948,sgmeat
pasture_fp_kg_m2_by_country_year_Sheep_Meat,Western Europe,BEL,154,-0.4124345812347427,1.5054928066438706,0.08415973800707822,0.00026269356263700723,0.11035473109820314,2021,0.1088068589768255,sgmeat
pasture_fp_kg_m2_by_country_year_Sheep_Meat,Western Europe,CHE,154,-0.4124345812347427,1.5054928066438706,0.08415973800707822,0.00026269356263700723,0.11035473109820314,2021,0.0354223374268849,sgmeat
pasture_fp_kg_m2_by_country_year_Sheep_Meat,Western Europe,DEU,154,-0.4124345812347427,1.5054928066438706,0.08415973800707822,0.00026269356263700723,0.11035473109820314,2021,0.0434148211277677,sgmeat
pasture_fp_kg_m2_by_country_year_Sheep_Meat,Western Europe,FRA,154,-0.4124345812347427,1.5054928066438706,0.08415973800707822,0.00026269356263700723,0.11035473109820314,2021,0.0285192509789347,sgmeat
pasture_fp_kg_m2_by_country_year_Sheep_Meat,Western Europe,LUX,154,-0.4124345812347427,1.5054928066438706,0.08415973800707822,0.00026269356263700723,0.11035473109820314,2021,0.0469630697279951,sgmeat
pasture_fp_kg_m2_by_country_year_Sheep_Meat,Western Europe,NLD,154,-0.4124345812347427,1.5054928066438706,0.08415973800707822,0.00026269356263700723,0.11035473109820314,2021,0.1427776877439024,sgmeat
pasture_fp_kg_m2_by_country_year_Sheep_Milk,Australia and New Zealand,AUS,13,-8.53115178611983,88.03357558470152,0.7334640522997187,0.00018572166207381048,1.5506000903194592,2011,0.0229069955211705,bvmilk
pasture_fp_kg_m2_by_country_year_Sheep_Milk,Australia and New Zealand,NZL,13,-8.53115178611983,88.03357558470152,0.7334640522997187,0.00018572166207381048,1.5506000903194592,2011,0.4515087767399726,bvmilk
pasture_fp_kg_m2_by_country_year_Sheep_Milk,Eastern Asia,MNG,22,0.8278580973806663,-11.687997797000676,0.5984926338934738,2.409751234277105e-05,0.15162061611004818,2021,0.0100255918063681,bvmilk
pasture_fp_kg_m2_by_country_year_Sheep_Milk,Eastern Europe,BGR,178,0.04600656587647603,-1.8027603050250418,0.002514741205330267,0.5062092370873942,0.06906691806068231,2021,0.1202973638920134,bvmilk
pasture_fp_kg_m2_by_country_year_Sheep_Milk,Eastern Europe,CZE,178,0.04600656587647603,-1.8027603050250418,0.002514741205330267,0.5062092370873942,0.06906691806068231,2021,0.6038816463520181,bvmilk
pasture_fp_kg_m2_by_country_year_Sheep_Milk,Eastern Europe,HUN,178,0.04600656587647603,-1.8027603050250418,0.002514741205330267,0.5062092370873942,0.06906691806068231,2021,0.3852259470169236,bvmilk
pasture_fp_kg_m2_by_country_year_Sheep_Milk,Eastern Europe,MDA,178,0.04600656587647603,-1.8027603050250418,0.002514741205330267,0.5062092370873942,0.06906691806068231,2021,0.1022027306314375,bvmilk
pasture_fp_kg_m2_by_country_year_Sheep_Milk,Eastern Europe,POL,178,0.04600656587647603,-1.8027603050250418,0.002514741205330267,0.5062092370873942,0.06906691806068231,2021,1.1519284932980658,bvmilk
pasture_fp_kg_m2_by_country_year_Sheep_Milk,Eastern Europe,ROU,178,0.04600656587647603,-1.8027603050250418,0.002514741205330267,0.5062092370873942,0.06906691806068231,2021,0.170626328016783,bvmilk
pasture_fp_kg_m2_by_country_year_Sheep_Milk,Eastern Europe,RUS,178,0.04600656587647603,-1.8027603050250418,0.002514741205330267,0.5062092370873942,0.06906691806068231,2021,0.0717931235642372,bvmilk
pasture_fp_kg_m2_by_country_year_Sheep_Milk,Eastern Europe,SVK,178,0.04600656587647603,-1.8027603050250418,0.002514741205330267,0.5062092370873942,0.06906691806068231,2021,0.2384312052313883,bvmilk
pasture_fp_kg_m2_by_country_year_Sheep_Milk,Eastern Europe,UKR,178,0.04600656587647603,-1.8027603050250418,0.002514741205330267,0.5062092370873942,0.06906691806068231,2021,0.2401567889552085,bvmilk
pasture_fp_kg_m2_by_country_year_Sheep_Milk,Latin America and the Caribbean,ARG,55,1.3027415888358276,-13.386065993326874,0.4768743112605575,5.4116549359080675e-09,0.1874223601691844,2021,0.1237962770940777,bvmilk
pasture_fp_kg_m2_by_country_year_Sheep_Milk,Latin America and the Caribbean,BOL,55,1.3027415888358276,-13.386065993326874,0.4768743112605575,5.4116549359080675e-09,0.1874223601691844,2021,0.035000362030303,bvmilk
pasture_fp_kg_m2_by_country_year_Sheep_Milk,Latin America and the Caribbean,CHL,55,1.3027415888358276,-13.386065993326874,0.4768743112605575,5.4116549359080675e-09,0.1874223601691844,2021,0.0821957494108723,bvmilk
pasture_fp_kg_m2_by_country_year_Sheep_Milk,Latin America and the Caribbean,ECU,55,1.3027415888358276,-13.386065993326874,0.4768743112605575,5.4116549359080675e-09,0.1874223601691844,2021,0.3399600560465007,bvmilk
pasture_fp_kg_m2_by_country_year_Sheep_Milk,Latin America and the Caribbean,GTM,55,1.3027415888358276,-13.386065993326874,0.4768743112605575,5.4116549359080675e-09,0.1874223601691844,2021,0.1185980439465747,bvmilk
pasture_fp_kg_m2_by_country_year_Sheep_Milk,Latin America and the Caribbean,URY,55,1.3027415888358276,-13.386065993326874,0.4768743112605575,5.4116549359080675e-09,0.1874223601691844,2021,0.1554299124505107,bvmilk
pasture_fp_kg_m2_by_country_year_Sheep_Milk,Northern Africa,DZA,109,-2.232251810994766,16.226754508954112,0.27187513552412335,6.123059882821877e-09,0.35315835130161977,2021,0.0497300304900086,bvmilk
pasture_fp_kg_m2_by_country_year_Sheep_Milk,Northern Africa,EGY,109,-2.232251810994766,16.226754508954112,0.27187513552412335,6.123059882821877e-09,0.35315835130161977,2021,5.953498712907784,bvmilk
pasture_fp_kg_m2_by_country_year_Sheep_Milk,Northern Africa,LBY,109,-2.232251810994766,16.226754508954112,0.27187513552412335,6.123059882821877e-09,0.35315835130161977,2021,0.0096107457873738,bvmilk
pasture_fp_kg_m2_by_country_year_Sheep_Milk,Northern Africa,MAR,109,-2.232251810994766,16.226754508954112,0.27187513552412335,6.123059882821877e-09,0.35315835130161977,2021,0.0807785742835251,bvmilk
pasture_fp_kg_m2_by_country_year_Sheep_Milk,Northern Africa,TUN,109,-2.232251810994766,16.226754508954112,0.27187513552412335,6.123059882821877e-09,0.35315835130161977,2021,0.0999464296541353,bvmilk
pasture_fp_kg_m2_by_country_year_Sheep_Milk,Northern Europe,DNK,52,0.7805565774501528,-8.522531515753933,0.6222650571930682,3.784771246836573e-12,0.08600530874557284,2021,1.3887399699351544,bvmilk
pasture_fp_kg_m2_by_country_year_Sheep_Milk,Northern Europe,EST,52,0.7805565774501528,-8.522531515753933,0.6222650571930682,3.784771246836573e-12,0.08600530874557284,2021,0.2462208834745762,bvmilk
pasture_fp_kg_m2_by_country_year_Sheep_Milk,Northern Europe,FIN,52,0.7805565774501528,-8.522531515753933,0.6222650571930682,3.784771246836573e-12,0.08600530874557284,2021,0.7839165805426028,bvmilk
pasture_fp_kg_m2_by_country_year_Sheep_Milk,Northern Europe,GBR,52,0.7805565774501528,-8.522531515753933,0.6222650571930682,3.784771246836573e-12,0.08600530874557284,2021,0.4322192436461461,bvmilk
pasture_fp_kg_m2_by_country_year_Sheep_Milk,Northern Europe,IRL,52,0.7805565774501528,-8.522531515753933,0.6222650571930682,3.784771246836573e-12,0.08600530874557284,2021,0.8204845504043128,bvmilk
pasture_fp_kg_m2_by_country_year_Sheep_Milk,Northern Europe,LTU,52,0.7805565774501528,-8.522531515753933,0.6222650571930682,3.784771246836573e-12,0.08600530874557284,2021,0.2875311428075096,bvmilk
pasture_fp_kg_m2_by_country_year_Sheep_Milk,Northern Europe,LVA,52,0.7805565774501528,-8.522531515753933,0.6222650571930682,3.784771246836573e-12,0.08600530874557284,2021,0.154432990696878,bvmilk
pasture_fp_kg_m2_by_country_year_Sheep_Milk,Northern Europe,NOR,52,0.7805565774501528,-8.522531515753933,0.6222650571930682,3.784771246836573e-12,0.08600530874557284,2021,0.7835910360641621,bvmilk
pasture_fp_kg_m2_by_country_year_Sheep_Milk,South-eastern Asia,IDN,44,-1.4541296563066801,10.238194902148635,0.5491707207616902,8.797510446045728e-09,0.20329694672130585,2021,0.1947392385817321,bvmilk
pasture_fp_kg_m2_by_country_year_Sheep_Milk,South-eastern Asia,MMR,44,-1.4541296563066801,10.238194902148635,0.5491707207616902,8.797510446045728e-09,0.20329694672130585,2021,1.2653384053571428,bvmilk
pasture_fp_kg_m2_by_country_year_Sheep_Milk,Southern Asia,BGD,90,-0.96099880115689,6.296187894279242,0.367264968912023,2.4647953239306033e-10,0.13446296910695546,2021,1.2475254933146358,bvmilk
pasture_fp_kg_m2_by_country_year_Sheep_Milk,Southern Asia,IND,90,-0.96099880115689,6.296187894279242,0.367264968912023,2.4647953239306033e-10,0.13446296910695546,2021,0.8245549612938294,bvmilk
pasture_fp_kg_m2_by_country_year_Sheep_Milk,Southern Asia,IRN,90,-0.96099880115689,6.296187894279242,0.367264968912023,2.4647953239306033e-10,0.13446296910695546,2021,0.0903913915595209,bvmilk
pasture_fp_kg_m2_by_country_year_Sheep_Milk,Southern Asia,NPL,90,-0.96099880115689,6.296187894279242,0.367264968912023,2.4647953239306033e-10,0.13446296910695546,2021,0.5975605109347489,bvmilk
pasture_fp_kg_m2_by_country_year_Sheep_Milk,Southern Asia,PAK,90,-0.96099880115689,6.296187894279242,0.367264968912023,2.4647953239306033e-10,0.13446296910695546,2021,3.0920713375714297,bvmilk
pasture_fp_kg_m2_by_country_year_Sheep_Milk,Southern Europe,ALB,230,0.35985344314618783,-4.550474520796319,0.1644234361840977,1.6286474621254365e-10,0.05372414395799028,2021,0.3866600983011006,bvmilk
pasture_fp_kg_m2_by_country_year_Sheep_Milk,Southern Europe,BIH,230,0.35985344314618783,-4.550474520796319,0.1644234361840977,1.6286474621254365e-10,0.05372414395799028,2021,0.088567482251837,bvmilk
pasture_fp_kg_m2_by_country_year_Sheep_Milk,Southern Europe,ESP,230,0.35985344314618783,-4.550474520796319,0.1644234361840977,1.6286474621254365e-10,0.05372414395799028,2021,0.3435709582259311,bvmilk
pasture_fp_kg_m2_by_country_year_Sheep_Milk,Southern Europe,GRC,230,0.35985344314618783,-4.550474520796319,0.1644234361840977,1.6286474621254365e-10,0.05372414395799028,2021,0.1631748140141543,bvmilk
pasture_fp_kg_m2_by_country_year_Sheep_Milk,Southern Europe,HRV,230,0.35985344314618783,-4.550474520796319,0.1644234361840977,1.6286474621254365e-10,0.05372414395799028,2021,0.3770785581449545,bvmilk
pasture_fp_kg_m2_by_country_year_Sheep_Milk,Southern Europe,ITA,230,0.35985344314618783,-4.550474520796319,0.1644234361840977,1.6286474621254365e-10,0.05372414395799028,2021,0.7546623929847535,bvmilk
pasture_fp_kg_m2_by_country_year_Sheep_Milk,Southern Europe,MKD,230,0.35985344314618783,-4.550474520796319,0.1644234361840977,1.6286474621254365e-10,0.05372414395799028,2021,0.0734755012468827,bvmilk
pasture_fp_kg_m2_by_country_year_Sheep_Milk,Southern Europe,MNE,230,0.35985344314618783,-4.550474520796319,0.1644234361840977,1.6286474621254365e-10,0.05372414395799028,2021,0.1308611452135493,bvmilk
pasture_fp_kg_m2_by_country_year_Sheep_Milk,Southern Europe,PRT,230,0.35985344314618783,-4.550474520796319,0.1644234361840977,1.6286474621254365e-10,0.05372414395799028,2021,0.2737802080913921,bvmilk
pasture_fp_kg_m2_by_country_year_Sheep_Milk,Southern Europe,SRB,230,0.35985344314618783,-4.550474520796319,0.1644234361840977,1.6286474621254365e-10,0.05372414395799028,2021,0.7030874135564137,bvmilk
pasture_fp_kg_m2_by_country_year_Sheep_Milk,Southern Europe,SVN,230,0.35985344314618783,-4.550474520796319,0.1644234361840977,1.6286474621254365e-10,0.05372414395799028,2021,0.5043002076494935,bvmilk
pasture_fp_kg_m2_by_country_year_Sheep_Milk,Sub-Saharan Africa,BFA,221,-0.15532231411679603,-1.863058479284941,0.003958574686999588,0.3518793997288884,0.166487286074937,2021,0.088550500258534,bvmilk
pasture_fp_kg_m2_by_country_year_Sheep_Milk,Sub-Saharan Africa,CMR,221,-0.15532231411679603,-1.863058479284941,0.003958574686999588,0.3518793997288884,0.166487286074937,2021,0.1961748550368015,bvmilk
pasture_fp_kg_m2_by_country_year_Sheep_Milk,Sub-Saharan Africa,GIN,221,-0.15532231411679603,-1.863058479284941,0.003958574686999588,0.3518793997288884,0.166487286074937,2021,0.0299195334979973,bvmilk
pasture_fp_kg_m2_by_country_year_Sheep_Milk,Sub-Saharan Africa,GNB,221,-0.15532231411679603,-1.863058479284941,0.003958574686999588,0.3518793997288884,0.166487286074937,2021,0.1493979085778075,bvmilk
pasture_fp_kg_m2_by_country_year_Sheep_Milk,Sub-Saharan Africa,KEN,221,-0.15532231411679603,-1.863058479284941,0.003958574686999588,0.3518793997288884,0.166487286074937,2021,0.0741633330627414,bvmilk
pasture_fp_kg_m2_by_country_year_Sheep_Milk,Sub-Saharan Africa,MOZ,221,-0.15532231411679603,-1.863058479284941,0.003958574686999588,0.3518793997288884,0.166487286074937,2021,0.0013245275229541,bvmilk
pasture_fp_kg_m2_by_country_year_Sheep_Milk,Sub-Saharan Africa,MRT,221,-0.15532231411679603,-1.863058479284941,0.003958574686999588,0.3518793997288884,0.166487286074937,2021,0.0067062310974306,bvmilk
pasture_fp_kg_m2_by_country_year_Sheep_Milk,Sub-Saharan Africa,MWI,221,-0.15532231411679603,-1.863058479284941,0.003958574686999588,0.3518793997288884,0.166487286074937,2021,0.1608942240941054,bvmilk
pasture_fp_kg_m2_by_country_year_Sheep_Milk,Sub-Saharan Africa,NER,221,-0.15532231411679603,-1.863058479284941,0.003958574686999588,0.3518793997288884,0.166487286074937,2021,0.0144019851006514,bvmilk
pasture_fp_kg_m2_by_country_year_Sheep_Milk,Sub-Saharan Africa,RWA,221,-0.15532231411679603,-1.863058479284941,0.003958574686999588,0.3518793997288884,0.166487286074937,2021,0.4897286900974599,bvmilk
pasture_fp_kg_m2_by_country_year_Sheep_Milk,Sub-Saharan Africa,SEN,221,-0.15532231411679603,-1.863058479284941,0.003958574686999588,0.3518793997288884,0.166487286074937,2021,0.0861878551785714,bvmilk
pasture_fp_kg_m2_by_country_year_Sheep_Milk,Western Asia,ARE,352,0.740941448739137,-7.979271983820152,0.15794805103313753,9.084413169243317e-15,0.09144546549621922,2021,0.7151344761904763,bvmilk
pasture_fp_kg_m2_by_country_year_Sheep_Milk,Western Asia,ARM,352,0.740941448739137,-7.979271983820152,0.15794805103313753,9.084413169243317e-15,0.09144546549621922,2021,0.2885891609841784,bvmilk
pasture_fp_kg_m2_by_country_year_Sheep_Milk,Western Asia,AZE,352,0.740941448739137,-7.979271983820152,0.15794805103313753,9.084413169243317e-15,0.09144546549621922,2021,0.3837200756389423,bvmilk
pasture_fp_kg_m2_by_country_year_Sheep_Milk,Western Asia,BHR,352,0.740941448739137,-7.979271983820152,0.15794805103313753,9.084413169243317e-15,0.09144546549621922,2021,15.128092250000016,bvmilk
pasture_fp_kg_m2_by_country_year_Sheep_Milk,Western Asia,CYP,352,0.740941448739137,-7.979271983820152,0.15794805103313753,9.084413169243317e-15,0.09144546549621922,2021,24.139137494738943,bvmilk
pasture_fp_kg_m2_by_country_year_Sheep_Milk,Western Asia,GEO,352,0.740941448739137,-7.979271983820152,0.15794805103313753,9.084413169243317e-15,0.09144546549621922,2021,0.0735921986888182,bvmilk
pasture_fp_kg_m2_by_country_year_Sheep_Milk,Western Asia,IRQ,352,0.740941448739137,-7.979271983820152,0.15794805103313753,9.084413169243317e-15,0.09144546549621922,2021,0.0740997075820039,bvmilk
pasture_fp_kg_m2_by_country_year_Sheep_Milk,Western Asia,ISR,352,0.740941448739137,-7.979271983820152,0.15794805103313753,9.084413169243317e-15,0.09144546549621922,2021,4.898370309233451,bvmilk
pasture_fp_kg_m2_by_country_year_Sheep_Milk,Western Asia,JOR,352,0.740941448739137,-7.979271983820152,0.15794805103313753,9.084413169243317e-15,0.09144546549621922,2021,0.3638152319984598,bvmilk
pasture_fp_kg_m2_by_country_year_Sheep_Milk,Western Asia,KWT,352,0.740941448739137,-7.979271983820152,0.15794805103313753,9.084413169243317e-15,0.09144546549621922,2021,0.947418497623231,bvmilk
pasture_fp_kg_m2_by_country_year_Sheep_Milk,Western Asia,LBN,352,0.740941448739137,-7.979271983820152,0.15794805103313753,9.084413169243317e-15,0.09144546549621922,2021,0.5385529407142856,bvmilk
pasture_fp_kg_m2_by_country_year_Sheep_Milk,Western Asia,OMN,352,0.740941448739137,-7.979271983820152,0.15794805103313753,9.084413169243317e-15,0.09144546549621922,2021,0.1327527611417022,bvmilk
pasture_fp_kg_m2_by_country_year_Sheep_Milk,Western Asia,QAT,352,0.740941448739137,-7.979271983820152,0.15794805103313753,9.084413169243317e-15,0.09144546549621922,2021,0.5362697314285714,bvmilk
pasture_fp_kg_m2_by_country_year_Sheep_Milk,Western Asia,SAU,352,0.740941448739137,-7.979271983820152,0.15794805103313753,9.084413169243317e-15,0.09144546549621922,2021,0.005160462908638,bvmilk
pasture_fp_kg_m2_by_country_year_Sheep_Milk,Western Asia,TUR,352,0.740941448739137,-7.979271983820152,0.15794805103313753,9.084413169243317e-15,0.09144546549621922,2021,0.5845716367536822,bvmilk
pasture_fp_kg_m2_by_country_year_Sheep_Milk,Western Asia,YEM,352,0.740941448739137,-7.979271983820152,0.15794805103313753,9.084413169243317e-15,0.09144546549621922,2021,0.029069316727872,bvmilk
pasture_fp_kg_m2_by_country_year_Sheep_Milk,Western Europe,AUT,109,-0.16156619510198197,1.704080854811003,0.015736727889919887,0.19369093629423786,0.12352561669322923,2021,0.8576965635641765,bvmilk
pasture_fp_kg_m2_by_country_year_Sheep_Milk,Western Europe,BEL,109,-0.16156619510198197,1.704080854811003,0.015736727889919887,0.19369093629423786,0.12352561669322923,2021,2.28783281865285,bvmilk
pasture_fp_kg_m2_by_country_year_Sheep_Milk,Western Europe,CHE,109,-0.16156619510198197,1.704080854811003,0.015736727889919887,0.19369093629423786,0.12352561669322923,2021,0.7590500877189637,bvmilk
pasture_fp_kg_m2_by_country_year_Sheep_Milk,Western Europe,DEU,109,-0.16156619510198197,1.704080854811003,0.015736727889919887,0.19369093629423786,0.12352561669322923,2021,0.9303175955950228,bvmilk
pasture_fp_kg_m2_by_country_year_Sheep_Milk,Western Europe,FRA,109,-0.16156619510198197,1.704080854811003,0.015736727889919887,0.19369093629423786,0.12352561669322923,2021,0.611126806691459,bvmilk
pasture_fp_kg_m2_by_country_year_Sheep_Milk,Western Europe,LUX,109,-0.16156619510198197,1.704080854811003,0.015736727889919887,0.19369093629423786,0.12352561669322923,2021,1.006351494171325,bvmilk
pasture_fp_kg_m2_by_country_year_Sheep_Milk,Western Europe,NLD,109,-0.16156619510198197,1.704080854811003,0.015736727889919887,0.19369093629423786,0.12352561669322923,2021,3.0595218802264808,bvmilk
